,City,Temperature (F),Humidity (%),Cloudiness (%),Wind Speed (mph),Lat,Lon
0,Rikitea,75.25,63.0,96.0,22.24,,
1,Albany,49.66,55.0,25.0,4.45,,
2,Lebu,52.21,92.0,7.0,6.6,,
3,Bethel,53.92,66.0,20.0,3.06,,
4,Manturovo,61.11,90.0,98.0,5.97,,
5,Punta Arenas,44.29,93.0,90.0,12.66,,
6,bacuit,,,,,,
7,Tura,84.88,55.0,1.0,5.48,,
8,Narsaq,39.2,30.0,63.0,13.8,,
9,Chokurdakh,29.86,88.0,81.0,8.9,,
10,Bluff,48.99,61.0,82.0,13.0,,
11,sentyabrskiy,,,,,,
12,Tiarei,81.27,65.0,75.0,10.36,,
13,jiddah,,,,,,
14,Ushuaia,48.2,57.0,20.0,13.8,,
15,Cape Town,62.44,94.0,75.0,17.27,,
16,Puerto Ayora,75.99,92.0,34.0,5.97,,
17,Lorengau,84.76,79.0,24.0,9.17,,
18,grand river south east,,,,,,
19,Władysławowo,49.46,87.0,75.0,2.3,,
20,Jalpatagua,74.14,72.0,13.0,6.91,,
21,Tuktoyaktuk,33.8,80.0,75.0,12.66,,
22,Hokitika,54.16,69.0,49.0,7.11,,
23,Hermanus,66.0,78.0,85.0,5.99,,
24,Chui,49.86,79.0,46.0,1.63,,
25,Ulladulla,57.45,39.0,40.0,17.27,,
26,Alugan,83.08,85.0,35.0,11.99,,
27,Kavaratti,82.65,77.0,100.0,31.59,,
28,Kieta,85.68,71.0,11.0,6.62,,
29,Horsham,47.61,93.0,75.0,4.61,,
30,Vaini,80.6,83.0,40.0,6.91,,
31,Coria,51.01,89.0,44.0,1.99,,
32,Mount Gambier,53.6,62.0,90.0,14.97,,
33,Morondava,72.73,66.0,2.0,6.4,,
34,Airai,72.19,48.0,100.0,4.83,,
35,Sydney,60.49,31.0,20.0,24.16,,
36,Dudinka,20.12,91.0,93.0,11.65,,
37,Saint-Philippe,75.2,57.0,0.0,5.75,,
38,Sioux Lookout,51.8,76.0,90.0,2.3,,
39,Port Elizabeth,62.6,77.0,0.0,12.66,,
40,Ribeira Grande,64.99,92.0,86.0,21.25,,
41,Sitka,48.2,87.0,90.0,5.75,,
42,Arrondissement de Vesoul,47.46,93.0,75.0,6.91,,
43,Rock Sound,78.33,76.0,87.0,9.37,,
44,Avarua,77.0,83.0,40.0,8.05,,
45,Nome,60.8,41.0,1.0,19.57,,
46,Gweta,60.3,43.0,5.0,4.38,,
47,belushya guba,,,,,,
48,Hong Kong,83.71,59.0,6.0,11.99,,
49,Severo-Kuril'sk,42.04,64.0,0.0,3.98,,
50,Mataura,48.99,61.0,46.0,13.0,,
51,Sibu,87.42,62.0,40.0,4.61,,
52,Zheleznodorozhnyy,59.58,94.0,20.0,2.24,,
53,Tasiilaq,23.0,86.0,20.0,2.3,,
54,Acarí,68.99,71.0,24.0,2.64,,
55,inderborskiy,,,,,,
56,Agadez,84.49,11.0,1.0,5.75,,
57,nizhneyansk,,,,,,
58,umzimvubu,,,,,,
59,Tessalit,88.07,16.0,29.0,7.63,,
60,Dingle,90.32,57.0,100.0,11.99,,
61,Mar del Plata,51.66,81.0,0.0,5.75,,
62,Merauke,84.36,74.0,31.0,11.5,,
63,Padang,86.0,79.0,20.0,4.61,,
64,Kapaa,73.24,78.0,20.0,18.41,,
65,Progreso,75.2,94.0,75.0,3.44,,
66,Ambilobe,73.54,76.0,69.0,4.85,,
67,São Filipe,75.74,63.0,50.0,7.72,,
68,Machico,68.0,45.0,20.0,18.41,,
69,Abu Samrah,66.11,45.0,0.0,6.53,,
70,New Norfolk,48.45,66.0,40.0,3.0,,
71,Bluffton,60.51,77.0,1.0,5.79,,
72,Butaritari,83.8,76.0,100.0,17.98,,
73,Ahipara,65.08,76.0,4.0,7.05,,
74,Pisco,63.81,88.0,0.0,4.61,,
75,San Javier,60.12,72.0,60.0,3.6,,
76,Kamaishi,77.0,23.0,0.0,18.41,,
77,Mirpur Sakro,86.0,70.0,20.0,6.91,,
78,Luena,52.61,75.0,1.0,3.04,,
79,Luang Prabang,91.4,52.0,20.0,2.3,,
80,Carnarvon,84.2,32.0,97.0,13.8,,
81,Ribeirão,77.0,78.0,40.0,5.75,,
82,Gewanē,85.23,44.0,73.0,0.89,,
83,Hofn,37.13,61.0,94.0,12.8,,
84,Saint Paul Harbor,42.8,87.0,90.0,3.44,,
85,illoqqortoormiut,,,,,,
86,Saint George,78.85,8.0,1.0,3.44,,
87,taolanaro,,,,,,
88,Oussouye,73.4,94.0,0.0,2.3,,
89,Mogadishu,79.99,87.0,17.0,17.52,,
90,Busselton,61.84,69.0,100.0,4.0,,
91,Vanimo,86.81,66.0,58.0,9.13,,
92,Upernavik,23.52,81.0,59.0,4.88,,
93,Inverell,59.23,49.0,8.0,5.99,,
94,Aklavik,44.6,57.0,82.0,1.14,,
95,Malartic,53.6,44.0,40.0,6.91,,
96,Thai Binh,87.8,79.0,75.0,14.97,,
97,Mahébourg,77.0,69.0,75.0,12.66,,
98,Pechenga,33.8,86.0,90.0,8.05,,
99,Ilulissat,28.4,93.0,20.0,5.3,,
100,Fengxian,75.49,70.0,100.0,5.32,,
101,Saint-Joseph,74.59,57.0,0.0,5.75,,
102,Henties Bay,64.47,68.0,0.0,4.83,,
103,bur gabo,,,,,,
104,valjala,,,,,,
105,Chapais,50.0,50.0,75.0,3.44,,
106,Port Alfred,63.12,82.0,33.0,9.73,,
107,Havre-St-Pierre,46.4,61.0,90.0,5.75,,
108,Aksu,54.84,59.0,92.0,11.52,,
109,Belmonte,69.8,94.0,75.0,2.3,,
110,tsihombe,,,,,,
111,tarudant,,,,,,
112,Lüderitz,61.92,71.0,0.0,1.74,,
113,Pitimbu,71.6,100.0,40.0,4.61,,
114,Tamparan,83.16,66.0,95.0,3.71,,
115,Margate,48.13,78.0,100.0,4.0,,
116,Cap-Chat,39.2,70.0,6.0,6.91,,
117,Pañgobilian,84.49,74.0,97.0,5.01,,
118,Khatanga,19.76,81.0,100.0,11.83,,
119,Sijunjung,88.56,59.0,70.0,1.95,,
120,Gamba,76.98,89.0,21.0,3.8,,
121,Santo Domingo,77.0,83.0,20.0,4.61,,
122,Sheregesh,55.63,44.0,95.0,4.0,,
123,Abhā,66.2,59.0,20.0,3.71,,
124,Barrow,23.0,86.0,90.0,6.91,,
125,Kayanza Province,57.61,96.0,69.0,0.29,,
126,Hurricane,78.42,8.0,1.0,3.44,,
127,Balezino,69.21,66.0,58.0,6.87,,
128,Birin,70.97,51.0,0.0,5.26,,
129,Deputatsky,28.94,92.0,99.0,3.89,,
130,Khokhlovo,55.4,88.0,40.0,11.18,,
131,Safi,63.21,77.0,7.0,19.3,,
132,Stornoway,45.82,81.0,90.0,6.91,,
133,Labuhan,87.19,62.0,32.0,1.79,,
134,Dikson,23.59,67.0,100.0,17.11,,
135,Geraldton,82.4,28.0,7.0,21.85,,
136,kerteh,,,,,,
137,Hobart,51.39,40.0,20.0,12.66,,
138,Kyra,58.24,20.0,0.0,7.05,,
139,Aykhal,35.06,100.0,100.0,2.44,,
140,ambodifototra,,,,,,
141,Nikolskoye,58.68,67.0,0.0,4.47,,
142,Thompson,26.6,93.0,90.0,10.36,,
143,Duki,82.08,28.0,0.0,3.74,,
144,Gizo Government Station,85.66,68.0,21.0,5.06,,
145,Seymchan,37.56,69.0,29.0,6.02,,
146,East London,62.6,59.0,0.0,9.22,,
147,Luoyang,75.24,70.0,100.0,10.07,,
148,Nhulunbuy,86.0,54.0,40.0,16.11,,
149,Bengkulu,85.08,67.0,75.0,3.83,,
150,Castro,51.94,99.0,100.0,4.29,,
151,Bilibino,32.61,86.0,100.0,1.01,,
152,Westport,55.53,67.0,20.0,4.61,,
153,Kenai,54.66,38.0,75.0,17.27,,
154,Hilo,72.23,57.0,75.0,6.91,,
155,Zyryanka,39.54,63.0,7.0,13.94,,
156,Mehrān,77.0,23.0,0.0,6.91,,
157,tumannyy,,,,,,
158,Zhezkazgan,66.04,33.0,0.0,14.58,,
159,Halifax,41.68,87.0,5.0,3.44,,
160,Ancud,43.61,100.0,20.0,3.44,,
161,Cockburn Town,79.21,77.0,6.0,13.44,,
162,Tarsus,65.39,83.0,20.0,3.67,,
163,barentsburg,,,,,,
164,Egvekinot,31.15,97.0,94.0,7.96,,
165,Hithadhoo,80.98,83.0,100.0,31.07,,
166,Bredasdorp,60.8,88.0,13.0,1.14,,
167,Norman Wells,42.8,61.0,75.0,10.36,,
168,haibowan,,,,,,
169,Benguela,76.24,70.0,42.0,4.34,,
170,Rabo de Peixe,64.4,94.0,75.0,13.8,,
171,Lagoa,63.81,91.0,97.0,26.75,,
172,Jamestown,44.37,40.0,1.0,2.57,,
173,Tashtagol,59.05,41.0,87.0,4.54,,
174,Broken Hill,59.0,51.0,90.0,17.27,,
175,Kruisfontein,55.99,85.0,95.0,1.01,,
176,Ostrovnoy,31.35,85.0,100.0,13.69,,
177,Huesca,52.5,62.0,0.0,3.44,,
178,Bilma,86.05,10.0,1.0,6.46,,
179,Borborema,61.27,80.0,70.0,5.46,,
180,aflu,,,,,,
181,Goundam,88.5,28.0,58.0,6.98,,
182,Palmer,46.72,87.0,1.0,3.44,,
183,Kupang,87.8,58.0,20.0,21.85,,
184,Rota,56.5,82.0,0.0,3.44,,
185,Ponta do Sol,64.02,45.0,20.0,18.41,,
186,Rome,44.44,65.0,1.0,0.67,,
187,Liverpool,48.81,87.0,75.0,5.75,,
188,Ayan,32.34,98.0,100.0,22.53,,
189,Pathein,96.58,45.0,10.0,10.11,,
190,Katobu,83.95,76.0,88.0,7.29,,
191,Ocean City,56.12,71.0,1.0,8.1,,
192,Yulara,68.0,34.0,0.0,14.97,,
193,Camaçari,77.0,78.0,40.0,11.5,,
194,Baculin,85.66,74.0,79.0,9.13,,
195,Homer,46.69,71.0,90.0,3.44,,
196,Bathsheba,78.8,69.0,20.0,18.41,,
197,Codrington,54.41,47.0,77.0,13.22,,
198,Port Blair,89.6,79.0,40.0,4.61,,
199,grand centre,,,,,,
200,Avera,53.4,94.0,1.0,3.22,,
201,Kumano,70.32,78.0,75.0,5.75,,
202,Petauke,55.17,77.0,3.0,3.38,,
203,Nanortalik,38.25,73.0,97.0,4.81,,
204,Neath,48.02,87.0,100.0,1.99,,
205,Rodrigues Alves,70.65,98.0,10.0,2.19,,
206,Gunjur,71.6,88.0,0.0,5.39,,
207,Vila Franca do Campo,64.4,94.0,75.0,13.8,,
208,chagda,,,,,,
209,Sanski Most,51.01,47.0,100.0,1.19,,
210,Parkes,52.0,58.0,96.0,8.99,,
211,Tilichiki,32.49,91.0,68.0,2.75,,
212,Dalvik,33.8,69.0,90.0,4.21,,
213,Svetlaya,44.46,95.0,100.0,9.42,,
214,Atuona,79.59,73.0,25.0,18.1,,
215,Hay River,35.6,93.0,100.0,5.75,,
216,Jalu,74.3,38.0,11.0,10.04,,
217,Buchanan,77.99,88.0,91.0,2.46,,
218,Wanning,89.33,63.0,10.0,14.63,,
219,Pacific Grove,51.12,90.0,73.0,5.99,,
220,Kurmanayevka,72.25,39.0,1.0,10.27,,
221,Esperance,64.4,59.0,75.0,8.05,,
222,kuche,,,,,,
223,Kedrovyy,53.6,40.0,40.0,13.42,,
224,khomeynishahr,,,,,,
225,Saint Andrews,52.74,76.0,1.0,5.75,,
226,College,57.49,36.0,75.0,5.75,,
227,Khāsh,75.06,8.0,4.0,2.04,,
228,Saint Augustine,66.49,40.0,1.0,13.47,,
229,Abashiri,69.8,40.0,75.0,10.36,,
230,Changji,62.6,39.0,0.0,6.71,,
231,Batagay-Alyta,45.95,49.0,10.0,7.47,,
232,vaitupu,,,,,,
233,Oktyabr'skoye,66.02,73.0,20.0,4.47,,
234,Catherinas Lust,76.62,88.0,99.0,7.87,,
235,Noshiro,80.6,22.0,0.0,4.61,,
236,Hohhot,55.4,38.0,40.0,8.95,,
237,Byron Bay,71.53,49.0,0.0,9.22,,
238,Sola,81.79,72.0,24.0,8.59,,
239,Martinsville,46.26,100.0,1.0,3.53,,
240,Leningradskiy,33.01,91.0,83.0,2.98,,
241,Kamenka,62.92,61.0,100.0,12.03,,
242,San Quintín,48.0,15.0,4.0,10.0,,
243,Vila Velha,65.25,88.0,0.0,2.3,,
244,Labytnangi,33.15,65.0,100.0,10.74,,
245,Florø,51.8,93.0,90.0,4.61,,
246,Beyneu,79.97,24.0,0.0,15.35,,
247,Lázaro Cárdenas,80.78,72.0,100.0,4.23,,
248,Tshikapa,67.66,78.0,77.0,2.28,,
249,Kiruna,32.0,100.0,90.0,3.44,,
250,Bodh Gaya,93.2,40.0,40.0,3.44,,
251,Orotukan,35.26,96.0,10.0,4.54,,
252,Chato,63.27,94.0,58.0,4.85,,
253,Faanui,82.38,74.0,100.0,16.69,,
254,Nelson Bay,64.98,37.0,90.0,19.57,,
255,Khatassy,62.6,14.0,0.0,4.47,,
256,Arraial do Cabo,69.76,62.0,46.0,0.67,,
257,Yakeshi,52.39,47.0,92.0,17.34,,
258,Paraúna,65.57,62.0,79.0,4.05,,
259,Ormara,84.04,68.0,3.0,2.19,,
260,Palembang,87.8,70.0,40.0,8.05,,
261,Amga,59.56,37.0,91.0,5.14,,
262,Province of Mantua,49.69,95.0,94.0,1.99,,
263,Cherskiy,34.47,86.0,100.0,2.08,,
264,Lima,64.15,82.0,75.0,5.75,,
265,Paamiut,37.72,66.0,71.0,5.37,,
266,Tuatapere,48.99,60.0,82.0,14.0,,
267,Kumul,74.01,14.0,63.0,6.73,,
268,Kendari,79.52,91.0,100.0,4.99,,
269,mys shmidta,,,,,,
270,Belgrade,53.51,100.0,96.0,3.44,,
271,Cabo San Lucas,82.35,39.0,90.0,1.01,,
272,Bairiki Village,87.8,66.0,40.0,16.11,,
273,Qaanaaq,27.84,86.0,99.0,5.82,,
274,Souillac,77.0,69.0,75.0,12.66,,
275,Birjand,68.0,12.0,0.0,13.8,,
276,Yangi Marg`ilon,73.4,28.0,0.0,11.5,,
277,Lata,55.99,89.0,91.0,3.0,,
278,Katsuura,78.71,53.0,75.0,11.5,,
279,Biak,82.62,75.0,97.0,8.84,,
280,Mehamn,34.74,71.0,100.0,16.98,,
281,satitoa,,,,,,
282,Praia da Vitória,65.26,82.0,20.0,14.14,,
283,Kaeo,68.0,73.0,1.0,5.01,,
284,Pyapon,95.58,43.0,14.0,5.77,,
285,karaul,,,,,,
286,George Town,88.79,70.0,20.0,2.3,,
287,Erenhot,56.17,14.0,99.0,8.41,,
288,Pedasí,73.0,99.0,100.0,14.43,,
289,Mizdah,67.5,26.0,51.0,3.76,,
290,Ust-Kuyga,38.08,98.0,68.0,6.33,,
291,Walvis Bay,62.6,31.0,0.0,8.05,,
292,Balakhta,55.63,47.0,99.0,12.73,,
293,Lusambo,68.45,86.0,82.0,1.3,,
294,Āsosa,62.89,78.0,100.0,4.32,,
295,Portland,65.73,52.0,1.0,12.66,,
296,Touros,73.4,94.0,40.0,3.44,,
297,Longyearbyen,23.0,68.0,20.0,3.44,,
298,urulga,,,,,,
299,Chortomlyk,59.29,74.0,38.0,9.33,,
300,Bandundu Province,72.12,84.0,81.0,0.6,,
301,Pevek,30.47,88.0,24.0,2.24,,
302,Kinshasa,73.4,100.0,69.0,3.44,,
303,Fuerte Olimpo,65.16,83.0,6.0,2.68,,
304,Wahiawā,75.04,64.0,75.0,11.5,,
305,Shimoda,73.18,78.0,75.0,4.61,,
306,Saskylakh,30.25,97.0,100.0,18.41,,
307,Kongolo,70.43,84.0,96.0,2.55,,
308,Mananara,73.99,89.0,34.0,6.85,,
309,Jadu,59.99,47.0,34.0,9.4,,
310,Yekaterinovka,64.83,51.0,47.0,12.97,,
311,Petropavlovsk-Kamchatskiy,60.8,25.0,0.0,13.42,,
312,Kavieng,85.21,75.0,15.0,12.5,,
313,Hvolsvollur,28.99,95.0,20.0,3.0,,
314,Flin Flon,43.74,73.0,100.0,8.41,,
315,County Wicklow,45.01,87.0,75.0,6.91,,
316,Port Augusta,60.66,55.0,90.0,14.97,,
317,Chern',59.63,91.0,26.0,8.48,,
318,Marion,51.44,76.0,40.0,3.44,,
319,Myitkyina,90.18,42.0,8.0,0.81,,
320,ruatoria,,,,,,
321,Caxito,77.0,94.0,40.0,4.61,,
322,Qaqortoq,39.2,30.0,51.0,13.8,,
323,Yellowknife,29.7,69.0,75.0,13.8,,
324,Miandrivazo,73.13,66.0,4.0,4.56,,
325,Cabedelo,71.6,100.0,40.0,4.61,,
326,Hibbing,47.93,87.0,90.0,4.61,,
327,attawapiskat,,,,,,
328,Salaga,78.26,76.0,4.0,6.67,,
329,Slavonski Brod,51.35,96.0,97.0,1.72,,
330,Itarema,74.59,92.0,100.0,9.01,,
331,Ciudad Bolivar,79.75,67.0,40.0,12.24,,
332,Emba,77.0,31.0,4.0,4.9,,
333,Bukid,93.2,49.0,75.0,11.5,,
334,Mirny,61.0,22.0,65.0,14.05,,
335,Churapcha,59.43,27.0,26.0,1.52,,
336,Ishigaki,86.0,79.0,75.0,14.97,,
337,Karasjok,35.6,80.0,90.0,9.22,,
338,Korla,66.54,29.0,87.0,14.07,,
339,Asău,54.63,62.0,0.0,8.05,,
340,Damara,78.8,89.0,20.0,2.35,,
341,Zyryanovsk,60.17,55.0,11.0,1.74,,
342,Dorchester,52.59,87.0,1.0,2.91,,
343,Adrar,74.17,23.0,5.0,8.14,,
344,Hamilton,49.6,87.0,1.0,0.69,,
345,Meulaboh,84.9,66.0,78.0,2.89,,
346,Kawalu,85.05,65.0,86.0,3.94,,
347,Creston,58.19,72.0,90.0,9.22,,
348,Ereymentau,64.27,46.0,12.0,9.89,,
349,burica,,,,,,
350,Solnechnyy,48.76,91.0,100.0,11.3,,
351,Togul,62.37,38.0,88.0,9.89,,
352,haapu,,,,,,
353,Roura,76.03,94.0,40.0,1.14,,
354,armacao dos buzios,,,,,,
355,Hobyo,81.48,74.0,4.0,20.87,,
356,Huttwil,40.33,96.0,63.0,3.8,,
357,Saldanha,60.8,94.0,58.0,12.66,,
358,Hualmay,63.52,87.0,2.0,7.14,,
359,bajo baudo,,,,,,
360,Jiayuguan City,62.94,22.0,99.0,8.5,,
361,Mahanoro,71.56,89.0,31.0,3.29,,
362,Mawlaik,97.83,31.0,0.0,1.05,,
363,Constitución,55.15,85.0,100.0,5.53,,
364,Sidi Ali,60.8,59.0,64.0,1.52,,
365,Northam,46.0,95.0,94.0,11.01,,
366,Chernyakhovsk,46.38,88.0,26.0,2.91,,
367,Guerrero Negro,59.36,82.0,4.0,15.46,,
368,Esim,79.72,84.0,66.0,6.04,,
369,Esna,73.4,27.0,0.0,2.3,,
370,San Carlos,75.06,68.0,70.0,4.21,,
371,Cidreira,58.32,78.0,0.0,5.57,,
372,Nanlong,63.39,70.0,100.0,19.86,,
373,amderma,,,,,,
374,Maceió,73.4,94.0,75.0,4.61,,
375,Bonavista,39.13,87.0,78.0,5.75,,
376,Abnūb,68.0,49.0,0.0,5.75,,
377,Jacqueville,82.4,89.0,20.0,5.75,,
378,Hūn,72.45,28.0,56.0,6.02,,
379,Lappeenranta,54.73,71.0,0.0,4.61,,
380,zolotinka,,,,,,
381,Mil'kovo,55.99,29.0,9.0,2.55,,
382,Fortuna,48.65,100.0,90.0,11.5,,
383,Olutanga,81.64,74.0,100.0,1.77,,
384,Novopskov,63.23,77.0,49.0,4.88,,
385,Saint-François,46.47,93.0,90.0,3.44,,
386,Dwārka,85.37,67.0,93.0,8.37,,
387,Lakinsk,60.66,94.0,100.0,4.27,,
388,Yartsevo,53.78,95.0,56.0,5.59,,
389,Jambi City,89.71,58.0,32.0,5.12,,
390,Óbidos,73.96,94.0,99.0,3.62,,
391,Palauig,92.07,52.0,6.0,7.47,,
392,Torbay,41.02,93.0,90.0,5.75,,
393,Riyadh,90.73,12.0,40.0,6.91,,
394,Gouyave,80.6,83.0,20.0,11.5,,
395,shchelyayur,,,,,,
396,Siavonga,63.39,67.0,0.0,4.29,,
397,Sovetskiy,63.57,71.0,86.0,2.46,,
398,Dimbokro,74.57,98.0,79.0,2.66,,
399,Berdigestyakh,61.5,27.0,38.0,3.47,,
400,Lékoni,73.65,85.0,78.0,1.36,,
401,Kilindoni,79.57,78.0,89.0,16.22,,
402,Mayo,54.72,62.0,1.0,5.61,,
403,Anloga,80.6,89.0,20.0,2.3,,
404,Yacopí,61.0,97.0,100.0,3.65,,
405,saleaula,,,,,,
406,Codó,73.22,99.0,100.0,5.23,,
407,Esso,38.68,91.0,50.0,4.12,,
408,Bolshevik,53.31,100.0,75.0,2.24,,
409,Kpandu,75.67,90.0,11.0,6.06,,
410,Tiksi,35.92,97.0,100.0,11.86,,
411,Sungai Penuh,77.99,71.0,56.0,2.95,,
412,Nabire,85.86,69.0,88.0,4.23,,
413,Samfya,56.84,83.0,2.0,5.84,,
414,Letlhakane,54.57,48.0,1.0,4.68,,
415,Hingatungan,84.31,75.0,99.0,7.58,,
416,Sørkjosen,37.26,80.0,100.0,11.27,,
417,Tongling,88.63,63.0,97.0,11.41,,
418,Harper,78.91,85.0,35.0,5.35,,
419,Fuerte,90.07,65.0,2.0,9.64,,
420,Brigantine,52.88,71.0,1.0,9.42,,
421,Vardø,35.01,74.0,100.0,17.52,,
422,Batagay,50.29,30.0,100.0,6.04,,
423,Barcelos,58.24,94.0,90.0,11.5,,
424,Gainsborough,45.59,93.0,75.0,4.61,,
425,Saint-Paul,75.36,69.0,75.0,13.8,,
426,Camacha,62.6,82.0,40.0,18.41,,
427,Klaksvík,39.2,81.0,75.0,5.75,,
428,‘Ewa Beach,77.72,57.0,20.0,10.36,,
429,Tangier,60.8,82.0,0.0,6.91,,
430,Boddam,42.94,93.0,90.0,2.3,,
431,Okhotsk,34.38,96.0,100.0,7.9,,
432,Pingliang,48.81,83.0,100.0,21.27,,
433,Alyangula,84.2,54.0,40.0,11.5,,
434,Ures,81.84,30.0,0.0,4.0,,
435,Kiunga,90.09,58.0,95.0,2.98,,
436,Nemuro,66.2,48.0,75.0,14.97,,
437,Comodoro Rivadavia,50.0,81.0,0.0,3.44,,
438,Nouadhibou,66.2,82.0,0.0,18.41,,
439,Huarmey,65.3,84.0,6.0,6.4,,
440,Sakakah,73.4,31.0,0.0,11.5,,
441,Sanmenxia,62.1,87.0,100.0,3.15,,
442,Los Llanos de Aridane,61.93,73.0,90.0,16.11,,
443,Lixouri,63.66,75.0,69.0,2.8,,
444,Dhidhdhoo,84.61,76.0,98.0,30.02,,
445,Kormilovka,77.0,23.0,75.0,11.18,,
446,Chapada dos Guimarães,73.4,78.0,0.0,2.3,,
447,Bangui,78.8,89.0,20.0,2.66,,
448,Provideniya,46.65,55.0,75.0,13.04,,
449,Chara,49.19,43.0,29.0,5.64,,
450,Grindavik,35.6,93.0,75.0,3.44,,
451,Sonoita,74.7,13.0,0.0,8.1,,
452,Manokwari,84.25,72.0,42.0,4.97,,
453,Arlit,88.16,11.0,68.0,9.71,,
454,marcona,,,,,,
455,Barberino di Mugello,47.75,93.0,20.0,2.3,,
456,Imeni Poliny Osipenko,52.02,80.0,100.0,20.13,,
457,Mossamedes,76.93,51.0,3.0,4.85,,
458,Rafai,69.19,98.0,100.0,2.51,,
459,Beringovskiy,33.44,96.0,100.0,13.69,,
460,Novy Urengoy,30.49,73.0,67.0,8.9,,
461,San Juan,60.15,48.0,5.0,8.16,,
462,Bandarbeyla,87.46,56.0,10.0,19.44,,
463,coalcoman,,,,,,
464,Amos,52.57,44.0,40.0,6.91,,
465,Sur,91.0,46.0,10.0,3.18,,
466,Rawson,54.07,65.0,3.0,6.31,,
467,Muros,60.78,93.0,100.0,1.01,,
468,Port Hardy,49.3,76.0,20.0,9.22,,
469,Knysna,57.2,72.0,0.0,5.75,,
470,Baruun-Urt,55.11,21.0,2.0,9.22,,
471,Quatre Cocos,77.52,69.0,75.0,12.66,,
472,Den Helder,46.45,87.0,90.0,3.44,,
473,Port Angeles,51.37,87.0,1.0,16.11,,
474,Severnyy,57.2,77.0,0.0,4.47,,
475,Benghazi,69.4,59.0,21.0,7.05,,
476,Goderich,41.0,81.0,9.0,3.44,,
477,Kalmunai,85.75,67.0,100.0,5.23,,
478,Diamantino,70.63,71.0,99.0,0.87,,
479,Ombessa,69.06,98.0,98.0,0.2,,
480,Iqaluit,28.2,64.0,90.0,2.3,,
481,azimur,,,,,,
482,Hasaki,77.97,53.0,75.0,12.66,,
483,Redlands,62.26,49.0,1.0,12.66,,
484,Lavrentiya,35.64,85.0,68.0,7.78,,
485,Dongning,80.82,43.0,80.0,13.91,,
486,Leiyang,91.47,55.0,6.0,16.06,,
487,Qasigiannguit,28.4,93.0,20.0,2.42,,
488,Tokmak,59.14,62.0,26.0,3.22,,
489,Brus Laguna,75.24,87.0,6.0,2.26,,
490,Altay,62.22,35.0,0.0,5.84,,
491,xadani,,,,,,
492,Tsukuba,77.49,49.0,75.0,13.8,,
493,Lompoc,50.32,82.0,52.0,6.91,,
494,Chabahar,87.96,56.0,14.0,7.34,,
495,Sūsangerd,89.6,33.0,0.0,2.3,,
496,Ratnagiri,91.38,54.0,100.0,6.82,,
497,Auki,85.77,65.0,43.0,3.33,,
498,bolshoy uluy,,,,,,
499,Abu Dhabi,84.43,70.0,0.0,2.3,,
500,Elesbão Veloso,75.09,76.0,100.0,2.37,,
501,Dunedin,54.0,45.0,5.0,15.99,,
502,San Patricio,75.74,83.0,75.0,9.22,,
503,Vuktyl,61.65,75.0,100.0,2.55,,
504,Luba,73.4,100.0,20.0,4.61,,
505,Shirokiy,58.1,51.0,34.0,22.86,,
506,Kandé,77.0,83.0,0.0,2.3,,
507,Mandalgovi,53.2,21.0,27.0,9.69,,
508,Necochea,53.08,64.0,99.0,9.08,,
509,Mezen',48.07,78.0,94.0,4.65,,
510,Poquoson,52.27,87.0,1.0,3.44,,
511,Pokhara,81.57,41.0,0.0,6.06,,
512,Buala,85.93,65.0,63.0,5.37,,
513,Binga,60.08,66.0,0.0,1.12,,
514,Ayagoz,61.2,41.0,1.0,13.24,,
515,Stoughton,54.43,76.0,20.0,4.52,,
516,Kansanshi,51.96,80.0,0.0,3.29,,
517,Labuan,81.18,89.0,40.0,6.91,,
518,Bereda,55.33,99.0,100.0,15.99,,
519,Abbeville,46.99,61.0,100.0,8.5,,
520,Port Macquarie,67.48,59.0,45.0,2.15,,
521,Srīvardhan,89.71,55.0,100.0,8.14,,
522,jujuy,,,,,,
523,Kouango,70.23,98.0,99.0,3.31,,
524,Alihe,56.48,41.0,94.0,15.3,,
525,Segezha,49.26,86.0,100.0,2.86,,
526,Kargasok,63.64,68.0,100.0,6.6,,
527,Jaqué,80.06,85.0,100.0,3.71,,
528,Coahuayana Viejo,77.63,80.0,42.0,2.08,,
529,Seoul,73.35,78.0,90.0,8.05,,
530,Redding,74.59,32.0,75.0,12.66,,
531,Elmira,42.93,81.0,1.0,3.44,,
532,Cheyenne,44.91,93.0,75.0,3.44,,
533,Galle,83.19,77.0,100.0,6.73,,
534,Pouébo,79.9,71.0,35.0,6.51,,
535,Skarnes,47.7,100.0,90.0,5.75,,
536,Inuvik,46.4,53.0,100.0,2.3,,
537,Kibre Mengist,60.08,93.0,78.0,1.68,,
538,São João da Barra,68.83,69.0,100.0,2.53,,
539,Townsville,80.6,47.0,0.0,14.97,,
540,Ourém,50.58,91.0,98.0,2.66,,
541,Morant Bay,76.96,69.0,20.0,6.91,,
542,Mildura,59.97,36.0,40.0,13.8,,
543,Adeje,61.93,82.0,20.0,9.22,,
544,Bubaque,76.69,77.0,5.0,12.08,,
545,Southampton,49.17,92.0,100.0,1.01,,
546,Zhigansk,51.24,45.0,100.0,19.39,,
547,Canutama,72.72,98.0,100.0,1.41,,
548,Udaipura,99.84,25.0,58.0,10.09,,
549,Mercedes,47.46,84.0,69.0,1.99,,
550,Svarstad,48.87,1.0,52.0,4.83,,
551,Kahului,73.45,61.0,20.0,14.97,,
552,Tecpan,58.21,82.0,20.0,16.11,,
553,bolungarvik,,,,,,
554,Guozhen,58.53,90.0,100.0,6.13,,
555,nguiu,,,,,,
556,Takoradze,79.84,85.0,59.0,6.4,,
557,Fare,82.27,74.0,100.0,18.81,,
558,Linjiang,70.95,64.0,76.0,9.28,,
559,Flinders,63.59,44.0,33.0,8.99,,
560,Pringsewu,89.42,57.0,48.0,2.82,,
561,Noumea,80.6,69.0,90.0,12.66,,
562,Bambous Virieux,77.47,69.0,75.0,12.66,,
563,Marsh Harbour,76.89,74.0,34.0,10.87,,
564,guajara-mirim,,,,,,
565,Rincon,53.6,76.0,1.0,3.38,,
566,Pangnirtung,24.17,94.0,100.0,0.6,,
567,sorvag,,,,,,
568,Karratha,83.46,21.0,92.0,21.0,,
569,Udachny,37.31,97.0,100.0,3.4,,
570,Karachi,86.0,70.0,20.0,6.91,,
571,Waddān,72.79,28.0,53.0,5.68,,
572,La Ronge,43.7,76.0,88.0,1.14,,
573,Billings Metropolitan Area,53.55,66.0,75.0,9.22,,
574,Iquitos,75.2,94.0,75.0,1.14,,
575,Minapasuk,85.1,68.0,100.0,6.91,,
576,Bambari,69.49,93.0,55.0,3.2,,
577,fort saint john,,,,,,
578,Guadalajara,73.96,46.0,40.0,8.05,,
579,Evensk,32.81,95.0,100.0,4.45,,
580,Shenjiamen,70.57,94.0,100.0,21.25,,
581,Liaozhong,57.2,77.0,90.0,15.66,,
582,Mastic Beach,59.32,39.0,1.0,5.75,,
583,Matagami,48.2,76.0,1.0,2.3,,
584,Methóni,57.67,82.0,40.0,1.68,,
585,Hervey Bay,77.0,29.0,1.0,6.91,,
586,Ermelo,43.72,40.0,0.0,4.81,,
587,Nantucket,53.33,82.0,75.0,10.36,,
588,Mayumba,77.47,89.0,20.0,3.13,,
589,Olafsvik,39.16,70.0,14.0,11.54,,
590,Onega,53.17,75.0,100.0,2.53,,
591,Fukuechō,71.6,100.0,75.0,6.91,,
592,Malazgirt,62.4,43.0,1.0,2.28,,
593,Jumla,64.81,32.0,0.0,4.76,,
594,Sampit,85.35,75.0,56.0,3.4,,
595,Pacifica,50.02,93.0,90.0,10.36,,
596,Santa Cruz de la Sierra,68.0,88.0,75.0,2.3,,
597,San Cristobal,78.8,73.0,20.0,3.44,,
598,Lujiang,72.37,100.0,20.0,11.18,,
599,Scarborough,45.63,91.0,86.0,4.94,,
600,palabuhanratu,,,,,,
601,Bokhan,53.26,34.0,76.0,15.12,,
602,Amahai,83.23,78.0,84.0,7.85,,
603,Kununurra,84.2,17.0,2.0,11.5,,
604,Gimli,55.4,71.0,82.0,1.14,,
605,Oranjemund,60.42,78.0,0.0,7.45,,
606,Caucayá,71.85,99.0,94.0,1.59,,
607,Japura,89.37,60.0,29.0,3.87,,
608,Skjervøy,38.34,73.0,100.0,17.31,,
609,Nadym,35.91,59.0,97.0,9.01,,
610,barawe,,,,,,
611,Laurel,51.85,58.0,1.0,4.16,,
612,Antofagasta,60.8,82.0,90.0,3.44,,
613,Shimanovsk,42.13,94.0,100.0,12.35,,
614,Inhambane,64.18,88.0,0.0,7.31,,
615,Turbat,96.21,5.0,0.0,12.62,,
616,ho,,,,,,
617,Suntar,64.08,20.0,57.0,10.11,,
618,Fairbanks,57.76,29.0,75.0,4.61,,
619,Talnakh,21.83,85.0,50.0,11.77,,
620,Ingleside,75.42,78.0,1.0,16.11,,
621,Znamenskoye,75.51,39.0,61.0,7.56,,
622,Hondomachi-hondo,71.29,94.0,75.0,13.8,,
623,Sakaiminato,84.2,51.0,75.0,18.41,,
624,Kisi,75.27,85.0,6.0,6.42,,
625,Laguna,60.76,67.0,1.0,11.5,,
626,Guabito,76.12,88.0,100.0,3.47,,
627,Marsá Maţrūḩ,62.6,94.0,0.0,3.44,,
628,Havøysund,35.6,80.0,90.0,13.8,,
629,Utuado,71.44,90.0,39.0,1.01,,
630,Río Gallegos,48.2,81.0,75.0,3.44,,
631,Alta Floresta,71.04,79.0,95.0,1.34,,
632,Katherine,86.0,20.0,7.0,12.66,,
633,Sobolevo,53.19,92.0,38.0,7.54,,
634,Tual,83.37,75.0,100.0,18.92,,
635,Timbiquí,74.12,94.0,98.0,2.19,,
636,Yarensk,63.5,52.0,100.0,5.21,,
637,Yuncheng,64.13,78.0,100.0,6.58,,
638,Road Town,79.34,91.0,10.0,1.99,,
639,Kenora,53.29,71.0,75.0,6.91,,
640,Kaitangata,50.0,61.0,9.0,11.01,,
641,Rikitea,75.2,63.0,96.0,21.88,-23.1203,-134.9692
642,Albany,48.15,60.0,22.0,4.07,42.6001,-73.9662
643,Lebu,52.29,93.0,25.0,7.02,-37.6167,-73.65
644,Bethel,52.95,66.0,20.0,3.15,41.3712,-73.414
645,Manturovo,64.89,84.0,98.0,6.58,58.3353,44.7619
646,Punta Arenas,44.29,93.0,90.0,12.66,-53.15,-70.9167
647,bacuit,,,,,,
648,Tura,84.76,56.0,16.0,5.5,25.5198,90.2201
649,Narsaq,39.2,30.0,70.0,13.8,60.9167,-46.05
650,Chokurdakh,30.06,89.0,83.0,8.72,70.6333,147.9167
651,Bluff,46.99,73.0,85.0,5.99,-46.6,168.3333
652,sentyabrskiy,,,,,,
653,Tiarei,80.29,65.0,75.0,6.91,-17.5333,-149.3333
654,jiddah,,,,,,
655,Ushuaia,48.2,57.0,20.0,13.8,-54.8,-68.3
656,Cape Town,62.44,94.0,75.0,18.41,-33.9258,18.4232
657,Puerto Ayora,75.99,92.0,29.0,5.35,-0.7393,-90.3518
658,Lorengau,84.74,79.0,23.0,7.99,-2.0226,147.2712
659,grand river south east,,,,,,
660,Władysławowo,51.39,87.0,75.0,2.3,54.7909,18.4009
661,Jalpatagua,73.29,75.0,13.0,6.91,14.1417,-90.0086
662,Tuktoyaktuk,33.8,80.0,75.0,12.66,69.4541,-133.0374
663,Hokitika,53.65,69.0,59.0,4.45,-42.7167,170.9667
664,Hermanus,63.0,88.0,86.0,1.01,-34.4187,19.2345
665,Chui,49.35,81.0,40.0,2.28,-33.6971,-53.4616
666,Ulladulla,57.22,39.0,40.0,19.57,-35.35,150.4667
667,Alugan,83.03,85.0,36.0,11.95,12.2188,125.4808
668,Kavaratti,82.62,78.0,100.0,33.2,10.5669,72.642
669,Kieta,85.06,73.0,12.0,5.84,-6.2167,155.6333
670,Horsham,47.21,100.0,75.0,4.61,51.064,-0.3272
671,Vaini,80.6,83.0,40.0,6.91,-21.2,-175.2
672,Coria,51.01,89.0,54.0,2.37,39.9879,-6.5377
673,Mount Gambier,53.6,62.0,90.0,13.8,-37.8333,140.7667
674,Morondava,75.51,62.0,3.0,6.8,-20.2833,44.2833
675,Airai,71.73,50.0,100.0,4.94,-8.9266,125.4092
676,Sydney,61.12,31.0,20.0,24.16,-33.8679,151.2073
677,Dudinka,21.97,88.0,94.0,12.03,69.4058,86.1778
678,Saint-Philippe,78.1,53.0,0.0,4.61,-21.3585,55.7679
679,Sioux Lookout,51.8,82.0,90.0,3.44,50.1001,-91.917
680,Port Elizabeth,62.6,77.0,0.0,12.66,-33.918,25.5701
681,Ribeira Grande,64.98,91.0,83.0,20.69,38.5167,-28.7
682,Sitka,48.2,87.0,90.0,5.75,57.0531,-135.33
683,Arrondissement de Vesoul,47.44,93.0,75.0,2.3,47.5833,5.8333
684,Rock Sound,78.03,76.0,73.0,8.34,24.9,-76.2
685,Avarua,77.0,83.0,40.0,9.22,-21.2078,-159.775
686,Nome,60.8,41.0,1.0,19.57,64.5011,-165.4064
687,Gweta,59.63,45.0,5.0,3.6,-20.1833,25.2333
688,belushya guba,,,,,,
689,Hong Kong,83.7,77.0,6.0,5.01,22.2855,114.1577
690,Severo-Kuril'sk,42.01,63.0,0.0,3.94,50.6789,156.125
691,Mataura,46.99,73.0,50.0,5.99,-46.1927,168.8643
692,Sibu,89.24,62.0,40.0,4.61,2.3,111.8167
693,Zheleznodorozhnyy,60.17,94.0,20.0,4.47,55.7503,38.0042
694,Tasiilaq,23.0,86.0,20.0,2.3,65.6145,-37.6368
695,Acarí,68.59,71.0,29.0,2.82,-15.4311,-74.6158
696,inderborskiy,,,,,,
697,Agadez,84.61,11.0,1.0,6.35,19.75,10.25
698,nizhneyansk,,,,,,
699,umzimvubu,,,,,,
700,Tessalit,87.78,18.0,24.0,8.14,20.1986,1.0114
701,Dingle,90.5,57.0,100.0,12.64,10.9995,122.6711
702,Mar del Plata,51.17,81.0,0.0,5.75,-38.0023,-57.5575
703,Merauke,83.89,76.0,33.0,13.22,-8.4667,140.3333
704,Padang,87.8,70.0,20.0,6.91,-0.9492,100.3543
705,Kapaa,72.95,78.0,20.0,18.41,22.0752,-159.319
706,Progreso,75.2,94.0,75.0,3.44,21.2833,-89.6667
707,Ambilobe,78.6,64.0,60.0,5.95,-13.2,49.05
708,São Filipe,74.91,67.0,50.0,9.82,14.8961,-24.4956
709,Machico,69.8,40.0,20.0,17.27,32.7,-16.7667
710,Abu Samrah,70.21,36.0,0.0,8.19,35.3029,37.1841
711,New Norfolk,48.87,65.0,50.0,3.0,-42.7826,147.0587
712,Bluffton,59.74,82.0,1.0,5.77,32.2371,-80.8604
713,Butaritari,83.95,75.0,100.0,17.34,3.0707,172.7902
714,Ahipara,63.28,82.0,4.0,6.29,-35.1667,173.1667
715,Pisco,63.79,88.0,0.0,4.61,-13.7,-76.2167
716,San Javier,59.22,75.0,68.0,3.36,37.8063,-0.8374
717,Kamaishi,77.0,23.0,0.0,18.41,39.2667,141.8833
718,Mirpur Sakro,89.6,55.0,7.0,6.91,24.5474,67.6277
719,Luena,52.23,76.0,1.0,2.46,-11.7833,19.9167
720,Luang Prabang,91.4,52.0,20.0,2.3,19.8856,102.1347
721,Carnarvon,84.2,32.0,96.0,13.8,-24.8667,113.6333
722,Ribeirão,77.0,78.0,40.0,5.75,-8.5144,-35.3778
723,Gewanē,87.76,37.0,76.0,1.74,10.1664,40.6453
724,Hofn,37.15,60.0,92.0,12.71,64.2539,-15.2082
725,Saint Paul Harbor,42.8,87.0,90.0,3.44,57.79,-152.4072
726,illoqqortoormiut,,,,,,
727,Saint George,77.4,8.0,1.0,3.44,37.1041,-113.5841
728,taolanaro,,,,,,
729,Oussouye,73.4,94.0,0.0,2.3,12.485,-16.5469
730,Mogadishu,80.6,69.0,40.0,13.8,2.0371,45.3438
731,Busselton,67.8,50.0,100.0,12.33,-33.65,115.3333
732,Vanimo,86.34,67.0,63.0,9.46,-2.6741,141.3028
733,Upernavik,23.83,80.0,67.0,4.88,72.7868,-56.1549
734,Inverell,59.85,46.0,21.0,5.01,-29.7833,151.1167
735,Aklavik,46.4,53.0,79.0,2.3,68.2191,-135.0107
736,Malartic,54.09,44.0,40.0,6.91,48.1335,-78.1328
737,Thai Binh,86.0,84.0,75.0,16.11,20.45,106.3333
738,Mahébourg,77.0,69.0,75.0,12.66,-20.4081,57.7
739,Pechenga,32.0,93.0,90.0,8.05,69.5259,31.1703
740,Ilulissat,28.4,93.0,20.0,5.53,69.2167,-51.1
741,Fengxian,76.41,68.0,100.0,5.55,34.7039,116.5872
742,Saint-Joseph,77.88,53.0,0.0,4.61,-21.3667,55.6167
743,Henties Bay,64.02,72.0,0.0,5.88,-22.116,14.2845
744,bur gabo,,,,,,
745,valjala,,,,,,
746,Chapais,50.0,50.0,75.0,3.44,49.7834,-74.8492
747,Port Alfred,62.85,84.0,45.0,9.66,-33.5906,26.891
748,Havre-St-Pierre,46.4,61.0,90.0,5.75,50.2334,-63.5986
749,Aksu,57.13,53.0,88.0,12.08,41.1231,80.2644
750,Belmonte,69.8,94.0,75.0,4.61,-15.8631,-38.8828
751,tsihombe,,,,,,
752,tarudant,,,,,,
753,Lüderitz,61.97,69.0,0.0,1.86,-26.6481,15.1594
754,Pitimbu,71.6,100.0,75.0,4.61,-7.4706,-34.8086
755,Tamparan,81.23,75.0,96.0,3.51,7.8792,124.3331
756,Margate,48.13,76.0,100.0,1.99,51.3813,1.3862
757,Cap-Chat,39.2,70.0,7.0,6.91,49.1001,-66.6821
758,Pañgobilian,84.88,72.0,97.0,4.43,8.8011,117.8594
759,Khatanga,19.9,82.0,87.0,11.99,71.9667,102.5
760,Sijunjung,86.83,69.0,66.0,2.26,-0.6876,100.9537
761,Gamba,76.68,90.0,21.0,3.65,-2.65,10.0
762,Santo Domingo,77.0,83.0,20.0,4.61,18.5001,-69.9886
763,Sheregesh,59.81,40.0,90.0,4.52,52.9209,87.9869
764,Abhā,66.2,59.0,20.0,1.21,18.2164,42.5053
765,Barrow,23.0,86.0,90.0,6.91,71.2906,-156.7887
766,Kayanza Province,69.8,94.0,75.0,2.3,-3.0667,29.6667
767,Hurricane,77.54,8.0,1.0,3.44,37.1753,-113.2899
768,Balezino,71.67,62.0,66.0,7.67,57.9796,53.0106
769,Birin,72.23,51.0,1.0,6.04,26.8865,88.0718
770,Deputatsky,29.28,94.0,99.0,3.96,69.3,139.9
771,Khokhlovo,55.4,94.0,75.0,11.18,59.1492,37.3998
772,Safi,62.82,79.0,6.0,19.28,32.2994,-9.2372
773,Stornoway,45.82,81.0,90.0,6.91,58.2093,-6.3865
774,Labuhan,87.62,61.0,28.0,4.79,-6.8844,112.2051
775,Dikson,23.76,67.0,100.0,17.72,73.5069,80.5464
776,Geraldton,86.0,25.0,8.0,16.11,-28.7667,114.6
777,kerteh,,,,,,
778,Hobart,50.99,46.0,20.0,8.05,-42.8794,147.3294
779,Kyra,60.75,17.0,0.0,7.29,49.5776,111.9753
780,Aykhal,34.65,100.0,100.0,1.72,66.0,111.5
781,ambodifototra,,,,,,
782,Nikolskoye,61.29,63.0,0.0,6.71,59.7035,30.7861
783,Thompson,26.6,86.0,90.0,8.05,55.7435,-97.8558
784,Duki,84.42,26.0,0.0,5.08,30.1541,68.5728
785,Gizo Government Station,85.33,69.0,24.0,5.61,-8.103,156.8419
786,Seymchan,38.26,67.0,25.0,6.6,62.8833,152.4333
787,East London,62.6,59.0,0.0,9.22,-33.0153,27.9116
788,Luoyang,74.86,69.0,100.0,6.93,34.6836,112.4536
789,Rikitea,75.2,63.0,96.0,21.88,-23.1203,-134.9692
790,Albany,48.15,60.0,22.0,4.07,42.6001,-73.9662
791,Lebu,52.29,93.0,25.0,7.02,-37.6167,-73.65
792,Bethel,52.95,66.0,20.0,3.15,41.3712,-73.414
793,Manturovo,64.89,84.0,98.0,6.58,58.3353,44.7619
794,Punta Arenas,44.29,93.0,90.0,12.66,-53.15,-70.9167
795,bacuit,,,,,,
796,Tura,84.76,56.0,16.0,5.5,25.5198,90.2201
797,Narsaq,39.2,30.0,70.0,13.8,60.9167,-46.05
798,Chokurdakh,30.06,89.0,83.0,8.72,70.6333,147.9167
799,Bluff,46.99,73.0,85.0,5.99,-46.6,168.3333
800,sentyabrskiy,,,,,,
801,Tiarei,80.29,65.0,75.0,6.91,-17.5333,-149.3333
802,jiddah,,,,,,
803,Ushuaia,48.2,57.0,20.0,13.8,-54.8,-68.3
804,Cape Town,62.44,94.0,75.0,18.41,-33.9258,18.4232
805,Puerto Ayora,75.99,92.0,29.0,5.35,-0.7393,-90.3518
806,Lorengau,84.74,79.0,23.0,7.99,-2.0226,147.2712
807,grand river south east,,,,,,
808,Władysławowo,51.39,87.0,75.0,2.3,54.7909,18.4009
809,Jalpatagua,73.29,75.0,13.0,6.91,14.1417,-90.0086
810,Tuktoyaktuk,33.8,80.0,75.0,12.66,69.4541,-133.0374
811,Hokitika,53.65,69.0,59.0,4.45,-42.7167,170.9667
812,Hermanus,63.0,88.0,86.0,1.01,-34.4187,19.2345
813,Chui,49.35,81.0,40.0,2.28,-33.6971,-53.4616
814,Ulladulla,57.22,39.0,40.0,19.57,-35.35,150.4667
815,Alugan,83.03,85.0,36.0,11.95,12.2188,125.4808
816,Kavaratti,82.62,78.0,100.0,33.2,10.5669,72.642
817,Kieta,85.06,73.0,12.0,5.84,-6.2167,155.6333
818,Horsham,47.21,100.0,75.0,4.61,51.064,-0.3272
819,Vaini,80.6,83.0,40.0,6.91,-21.2,-175.2
820,Coria,51.01,89.0,54.0,2.37,39.9879,-6.5377
821,Mount Gambier,53.6,62.0,90.0,13.8,-37.8333,140.7667
822,Morondava,75.51,62.0,3.0,6.8,-20.2833,44.2833
823,Airai,71.73,50.0,100.0,4.94,-8.9266,125.4092
824,Sydney,61.12,31.0,20.0,24.16,-33.8679,151.2073
825,Dudinka,21.97,88.0,94.0,12.03,69.4058,86.1778
826,Saint-Philippe,78.1,53.0,0.0,4.61,-21.3585,55.7679
827,Sioux Lookout,51.8,82.0,90.0,3.44,50.1001,-91.917
828,Port Elizabeth,62.6,77.0,0.0,12.66,-33.918,25.5701
829,Ribeira Grande,64.98,91.0,83.0,20.69,38.5167,-28.7
830,Sitka,48.2,87.0,90.0,5.75,57.0531,-135.33
831,Arrondissement de Vesoul,47.44,93.0,75.0,2.3,47.5833,5.8333
832,Rock Sound,78.03,76.0,73.0,8.34,24.9,-76.2
833,Avarua,77.0,83.0,40.0,9.22,-21.2078,-159.775
834,Nome,60.8,41.0,1.0,19.57,64.5011,-165.4064
835,Gweta,59.63,45.0,5.0,3.6,-20.1833,25.2333
836,belushya guba,,,,,,
837,Hong Kong,83.7,77.0,6.0,5.01,22.2855,114.1577
838,Severo-Kuril'sk,42.01,63.0,0.0,3.94,50.6789,156.125
839,Mataura,46.99,73.0,50.0,5.99,-46.1927,168.8643
840,Sibu,89.24,62.0,40.0,4.61,2.3,111.8167
841,Zheleznodorozhnyy,60.17,94.0,20.0,4.47,55.7503,38.0042
842,Tasiilaq,23.0,86.0,20.0,2.3,65.6145,-37.6368
843,Acarí,68.59,71.0,29.0,2.82,-15.4311,-74.6158
844,inderborskiy,,,,,,
845,Agadez,84.61,11.0,1.0,6.35,19.75,10.25
846,nizhneyansk,,,,,,
847,umzimvubu,,,,,,
848,Tessalit,87.78,18.0,24.0,8.14,20.1986,1.0114
849,Dingle,90.5,57.0,100.0,12.64,10.9995,122.6711
850,Mar del Plata,51.17,81.0,0.0,5.75,-38.0023,-57.5575
851,Merauke,83.89,76.0,33.0,13.22,-8.4667,140.3333
852,Padang,87.8,70.0,20.0,6.91,-0.9492,100.3543
853,Kapaa,72.95,78.0,20.0,18.41,22.0752,-159.319
854,Progreso,75.2,94.0,75.0,3.44,21.2833,-89.6667
855,Ambilobe,78.6,64.0,60.0,5.95,-13.2,49.05
856,São Filipe,74.91,67.0,50.0,9.82,14.8961,-24.4956
857,Machico,69.8,40.0,20.0,17.27,32.7,-16.7667
858,Abu Samrah,70.21,36.0,0.0,8.19,35.3029,37.1841
859,New Norfolk,48.87,65.0,50.0,3.0,-42.7826,147.0587
860,Bluffton,59.74,82.0,1.0,5.77,32.2371,-80.8604
861,Butaritari,83.95,75.0,100.0,17.34,3.0707,172.7902
862,Ahipara,63.28,82.0,4.0,6.29,-35.1667,173.1667
863,Pisco,63.79,88.0,0.0,4.61,-13.7,-76.2167
864,San Javier,59.22,75.0,68.0,3.36,37.8063,-0.8374
865,Kamaishi,77.0,23.0,0.0,18.41,39.2667,141.8833
866,Mirpur Sakro,89.6,55.0,7.0,6.91,24.5474,67.6277
867,Luena,52.23,76.0,1.0,2.46,-11.7833,19.9167
868,Luang Prabang,91.4,52.0,20.0,2.3,19.8856,102.1347
869,Carnarvon,84.2,32.0,96.0,13.8,-24.8667,113.6333
870,Ribeirão,77.0,78.0,40.0,5.75,-8.5144,-35.3778
871,Gewanē,87.76,37.0,76.0,1.74,10.1664,40.6453
872,Hofn,37.15,60.0,92.0,12.71,64.2539,-15.2082
873,Saint Paul Harbor,42.8,87.0,90.0,3.44,57.79,-152.4072
874,illoqqortoormiut,,,,,,
875,Saint George,77.4,8.0,1.0,3.44,37.1041,-113.5841
876,taolanaro,,,,,,
877,Oussouye,73.4,94.0,0.0,2.3,12.485,-16.5469
878,Mogadishu,80.6,69.0,40.0,13.8,2.0371,45.3438
879,Busselton,67.8,50.0,100.0,12.33,-33.65,115.3333
880,Vanimo,86.34,67.0,63.0,9.46,-2.6741,141.3028
881,Upernavik,23.83,80.0,67.0,4.88,72.7868,-56.1549
882,Inverell,59.85,46.0,21.0,5.01,-29.7833,151.1167
883,Aklavik,46.4,53.0,79.0,2.3,68.2191,-135.0107
884,Malartic,54.09,44.0,40.0,6.91,48.1335,-78.1328
885,Thai Binh,86.0,84.0,75.0,16.11,20.45,106.3333
886,Mahébourg,77.0,69.0,75.0,12.66,-20.4081,57.7
887,Pechenga,32.0,93.0,90.0,8.05,69.5259,31.1703
888,Ilulissat,28.4,93.0,20.0,5.53,69.2167,-51.1
889,Fengxian,76.41,68.0,100.0,5.55,34.7039,116.5872
890,Saint-Joseph,77.88,53.0,0.0,4.61,-21.3667,55.6167
891,Henties Bay,64.02,72.0,0.0,5.88,-22.116,14.2845
892,bur gabo,,,,,,
893,valjala,,,,,,
894,Chapais,50.0,50.0,75.0,3.44,49.7834,-74.8492
895,Port Alfred,62.85,84.0,45.0,9.66,-33.5906,26.891
896,Havre-St-Pierre,46.4,61.0,90.0,5.75,50.2334,-63.5986
897,Aksu,57.13,53.0,88.0,12.08,41.1231,80.2644
898,Belmonte,69.8,94.0,75.0,4.61,-15.8631,-38.8828
899,tsihombe,,,,,,
900,tarudant,,,,,,
901,Lüderitz,61.97,69.0,0.0,1.86,-26.6481,15.1594
902,Pitimbu,71.6,100.0,75.0,4.61,-7.4706,-34.8086
903,Tamparan,81.23,75.0,96.0,3.51,7.8792,124.3331
904,Margate,48.13,76.0,100.0,1.99,51.3813,1.3862
905,Cap-Chat,39.2,70.0,7.0,6.91,49.1001,-66.6821
906,Pañgobilian,84.88,72.0,97.0,4.43,8.8011,117.8594
907,Khatanga,19.9,82.0,87.0,11.99,71.9667,102.5
908,Sijunjung,86.83,69.0,66.0,2.26,-0.6876,100.9537
909,Gamba,76.68,90.0,21.0,3.65,-2.65,10.0
910,Santo Domingo,77.0,83.0,20.0,4.61,18.5001,-69.9886
911,Sheregesh,59.81,40.0,90.0,4.52,52.9209,87.9869
912,Abhā,66.2,59.0,20.0,1.21,18.2164,42.5053
913,Barrow,23.0,86.0,90.0,6.91,71.2906,-156.7887
914,Kayanza Province,69.8,94.0,75.0,2.3,-3.0667,29.6667
915,Hurricane,77.54,8.0,1.0,3.44,37.1753,-113.2899
916,Balezino,71.67,62.0,66.0,7.67,57.9796,53.0106
917,Birin,72.23,51.0,1.0,6.04,26.8865,88.0718
918,Deputatsky,29.28,94.0,99.0,3.96,69.3,139.9
919,Khokhlovo,55.4,94.0,75.0,11.18,59.1492,37.3998
920,Safi,62.82,79.0,6.0,19.28,32.2994,-9.2372
921,Stornoway,45.82,81.0,90.0,6.91,58.2093,-6.3865
922,Labuhan,87.62,61.0,28.0,4.79,-6.8844,112.2051
923,Dikson,23.76,67.0,100.0,17.72,73.5069,80.5464
924,Geraldton,86.0,25.0,8.0,16.11,-28.7667,114.6
925,kerteh,,,,,,
926,Hobart,50.99,46.0,20.0,8.05,-42.8794,147.3294
927,Kyra,60.75,17.0,0.0,7.29,49.5776,111.9753
928,Aykhal,34.65,100.0,100.0,1.72,66.0,111.5
929,ambodifototra,,,,,,
930,Nikolskoye,61.29,63.0,0.0,6.71,59.7035,30.7861
931,Thompson,26.6,86.0,90.0,8.05,55.7435,-97.8558
932,Duki,84.42,26.0,0.0,5.08,30.1541,68.5728
933,Gizo Government Station,85.33,69.0,24.0,5.61,-8.103,156.8419
934,Seymchan,38.26,67.0,25.0,6.6,62.8833,152.4333
935,East London,62.6,59.0,0.0,9.22,-33.0153,27.9116
936,Luoyang,74.86,69.0,100.0,6.93,34.6836,112.4536
937,Nhulunbuy,87.8,51.0,40.0,16.11,-12.2333,136.7667
938,Bengkulu,85.32,67.0,68.0,5.77,-3.8004,102.2655
939,Castro,52.7,96.0,100.0,4.54,-24.7911,-50.0119
940,Bilibino,32.85,86.0,100.0,0.96,68.0546,166.4372
941,Westport,53.6,67.0,20.0,4.61,41.1415,-73.3579
942,Kenai,54.68,38.0,75.0,17.27,60.5544,-151.2583
943,Hilo,71.06,57.0,75.0,6.91,19.7297,-155.09
944,Zyryanka,40.03,63.0,7.0,14.27,65.75,150.85
945,Mehrān,77.0,23.0,0.0,6.91,33.1222,46.1646
946,tumannyy,,,,,,
947,Zhezkazgan,68.36,29.0,0.0,13.22,47.8043,67.7144
948,Halifax,41.41,87.0,7.0,3.44,44.6453,-63.5724
949,Ancud,42.98,100.0,20.0,3.44,-41.8697,-73.8203
950,Cockburn Town,79.0,77.0,5.0,13.22,21.4612,-71.1419
951,Tarsus,68.05,78.0,20.0,3.06,36.9188,34.8784
952,barentsburg,,,,,,
953,Egvekinot,31.23,94.0,91.0,8.1,66.3167,-179.1667
954,Hithadhoo,81.54,81.0,100.0,30.49,-0.6,73.0833
955,Bredasdorp,59.0,88.0,13.0,2.3,-34.5322,20.0403
956,Norman Wells,42.8,61.0,75.0,10.36,65.282,-126.8329
957,haibowan,,,,,,
958,Benguela,76.08,70.0,46.0,5.1,-12.5763,13.4055
959,Rabo de Peixe,64.4,94.0,75.0,16.11,37.8,-25.5833
960,Lagoa,63.75,91.0,97.0,26.31,39.05,-27.9833
961,Jamestown,43.7,40.0,1.0,3.42,42.097,-79.2353
962,Tashtagol,61.52,39.0,86.0,5.44,52.7657,87.8894
963,Broken Hill,60.8,44.0,75.0,19.57,-31.95,141.4333
964,Kruisfontein,55.99,87.0,96.0,1.01,-34.0033,24.7314
965,Ostrovnoy,31.46,86.0,100.0,13.02,68.0531,39.5131
966,Huesca,51.94,66.0,20.0,2.3,42.1362,-0.4087
967,Bilma,86.31,10.0,2.0,6.33,18.6853,12.9164
968,Borborema,59.94,86.0,68.0,5.5,-21.6197,-49.0736
969,aflu,,,,,,
970,Goundam,87.26,29.0,46.0,5.55,16.4145,-3.6708
971,Palmer,47.07,87.0,1.0,3.44,42.1584,-72.3287
972,Kupang,87.8,48.0,20.0,18.41,-10.1667,123.5833
973,Rota,58.08,77.0,0.0,5.75,36.6224,-6.3586
974,Ponta do Sol,64.78,40.0,20.0,17.27,32.6667,-17.1
975,Rome,43.29,65.0,1.0,0.72,43.2128,-75.4557
976,Liverpool,48.42,93.0,90.0,6.91,53.4106,-2.9779
977,Ayan,32.4,98.0,100.0,23.53,56.45,138.1667
978,Pathein,98.53,42.0,11.0,12.15,16.7833,94.7333
979,Katobu,84.87,70.0,87.0,6.87,-4.9408,122.5276
980,Ocean City,56.12,71.0,1.0,8.16,39.2776,-74.5746
981,Yulara,68.0,34.0,0.0,14.97,-25.2406,130.9889
982,Camaçari,78.8,73.0,40.0,12.66,-12.6975,-38.3242
983,Baculin,85.41,75.0,83.0,9.17,7.4525,126.5842
984,Homer,46.17,71.0,90.0,3.44,59.6425,-151.5483
985,Bathsheba,78.8,69.0,20.0,18.41,13.2167,-59.5167
986,Codrington,53.91,49.0,72.0,13.49,-38.2667,141.9667
987,Port Blair,89.6,79.0,40.0,4.61,11.6667,92.75
988,grand centre,,,,,,
989,Avera,51.53,58.0,1.0,3.29,33.194,-82.5271
990,Kumano,69.64,94.0,90.0,3.44,34.3442,132.5894
991,Petauke,58.68,70.0,2.0,3.31,-14.2426,31.3253
992,Nanortalik,37.71,76.0,97.0,6.96,60.1432,-45.2371
993,Neath,48.02,87.0,100.0,1.01,51.6632,-3.8044
994,Rodrigues Alves,70.41,98.0,18.0,1.99,-7.738,-72.6509
995,Gunjur,71.6,88.0,0.0,1.14,13.2019,-16.7339
996,Vila Franca do Campo,64.4,94.0,75.0,16.11,37.7167,-25.4333
997,chagda,,,,,,
998,Sanski Most,51.01,45.0,100.0,0.54,44.7653,16.6656
999,Parkes,57.0,42.0,97.0,3.0,-33.1333,148.1833
1000,Tilichiki,32.36,91.0,74.0,2.71,60.4667,166.1
1001,Dalvik,33.8,69.0,90.0,3.89,65.9702,-18.5286
1002,Svetlaya,48.16,88.0,100.0,12.48,46.5389,138.3297
1003,Atuona,79.52,74.0,23.0,18.01,-9.8,-139.0333
1004,Hay River,34.7,93.0,100.0,5.75,60.8156,-115.7999
1005,Jalu,75.31,40.0,10.0,10.22,29.0331,21.5482
1006,Buchanan,78.26,87.0,88.0,3.74,5.8808,-10.0467
1007,Wanning,89.56,62.0,9.0,14.9,18.8003,110.3967
1008,Pacific Grove,50.88,90.0,69.0,3.0,36.6177,-121.9166
1009,Kurmanayevka,76.17,34.0,1.0,10.76,52.5093,52.0675
1010,Esperance,64.4,55.0,75.0,11.5,-33.8667,121.9
1011,kuche,,,,,,
1012,Kedrovyy,53.6,43.0,40.0,13.42,56.1667,91.8167
1013,khomeynishahr,,,,,,
1014,Saint Andrews,52.03,76.0,1.0,5.75,34.0454,-81.1293
1015,College,56.77,36.0,75.0,5.75,64.8569,-147.8028
1016,Khāsh,77.59,9.0,5.0,3.51,28.2211,61.2158
1017,Saint Augustine,67.41,40.0,1.0,13.29,29.8947,-81.3145
1018,Abashiri,69.8,40.0,75.0,10.36,44.0213,144.2697
1019,Changji,62.6,39.0,0.0,6.71,44.0167,87.3167
1020,Batagay-Alyta,46.87,47.0,10.0,7.47,67.8006,130.4114
1021,vaitupu,,,,,,
1022,Oktyabr'skoye,71.29,64.0,20.0,2.24,43.0645,44.7417
1023,Catherinas Lust,76.28,88.0,99.0,7.74,6.4,-57.6
1024,Noshiro,80.6,22.0,0.0,4.61,40.2039,140.0242
1025,Hohhot,55.4,38.0,40.0,8.95,40.8106,111.6522
1026,Byron Bay,71.78,40.0,5.0,12.66,-28.65,153.6167
1027,Sola,81.9,72.0,23.0,8.08,-13.8833,167.55
1028,Martinsville,44.71,93.0,1.0,3.83,36.6915,-79.8725
1029,Leningradskiy,32.22,92.0,74.0,3.04,69.3833,178.4167
1030,Kamenka,66.07,58.0,100.0,12.73,51.3223,42.7678
1031,San Quintín,48.99,10.0,10.0,10.0,30.4833,-115.95
1032,Vila Velha,64.71,88.0,0.0,2.3,-20.3297,-40.2925
1033,Labytnangi,34.12,63.0,100.0,9.57,66.6572,66.4183
1034,Florø,53.6,87.0,90.0,8.05,61.5996,5.0328
1035,Beyneu,83.79,21.0,0.0,14.9,45.3167,55.2
1036,Lázaro Cárdenas,80.62,72.0,100.0,1.36,17.9583,-102.2
1037,Tshikapa,67.62,79.0,71.0,2.37,-6.4167,20.8
1038,Kiruna,32.0,100.0,90.0,4.61,67.8557,20.2251
1039,Bodh Gaya,93.2,40.0,40.0,3.44,24.7,84.9833
1040,Orotukan,35.64,96.0,9.0,4.12,62.2667,151.7
1041,Chato,65.66,91.0,50.0,4.5,-2.6378,31.7669
1042,Faanui,82.49,74.0,100.0,15.88,-16.4833,-151.75
1043,Nelson Bay,63.7,39.0,75.0,14.97,-32.7167,152.15
1044,Khatassy,62.6,15.0,0.0,6.71,61.9036,129.6383
1045,Arraial do Cabo,69.01,64.0,44.0,1.41,-22.9661,-42.0278
1046,Yakeshi,55.65,42.0,91.0,18.37,49.2833,120.7333
1047,Paraúna,64.99,66.0,83.0,4.05,-16.9478,-50.4486
1048,Ormara,84.83,62.0,3.0,1.52,25.2088,64.6357
1049,Palembang,89.6,66.0,40.0,10.36,-2.9167,104.7458
1050,Amga,58.82,39.0,92.0,7.02,60.8953,131.9608
1051,Province of Mantua,51.01,95.0,94.0,1.01,45.1667,10.7833
1052,Cherskiy,34.77,85.0,100.0,1.52,68.75,161.3
1053,Lima,63.46,82.0,75.0,5.75,-12.0432,-77.0282
1054,Paamiut,36.93,62.0,72.0,9.17,61.994,-49.6678
1055,Tuatapere,46.99,73.0,86.0,5.99,-46.1333,167.6833
1056,Kumul,75.54,13.0,52.0,7.23,42.8,93.45
1057,Kendari,78.13,94.0,100.0,7.07,-3.945,122.4989
1058,mys shmidta,,,,,,
1059,Belgrade,56.3,94.0,97.0,2.1,44.804,20.4651
1060,Cabo San Lucas,82.36,46.0,92.0,13.98,22.8909,-109.9124
1061,Bairiki Village,87.8,66.0,40.0,16.11,1.3292,172.9752
1062,Qaanaaq,26.56,86.0,99.0,5.84,77.484,-69.3632
1063,Souillac,77.0,69.0,75.0,12.66,-20.5167,57.5167
1064,Birjand,68.0,12.0,0.0,13.8,32.8663,59.2211
1065,Yangi Marg`ilon,73.4,31.0,0.0,11.5,40.4272,71.7189
1066,Lata,55.99,89.0,92.0,1.32,40.1629,-8.3327
1067,Katsuura,78.44,50.0,75.0,12.66,35.1333,140.3
1068,Biak,81.37,80.0,98.0,8.95,-0.9131,122.8766
1069,Mehamn,35.22,71.0,100.0,16.8,71.0357,27.8492
1070,satitoa,,,,,,
1071,Praia da Vitória,65.26,82.0,20.0,13.62,38.7333,-27.0667
1072,Kaeo,66.99,76.0,1.0,3.0,-35.1,173.7833
1073,Pyapon,98.1,38.0,12.0,4.83,16.2833,95.6833
1074,karaul,,,,,,
1075,George Town,89.38,70.0,20.0,2.3,5.4112,100.3354
1076,Erenhot,57.96,13.0,100.0,8.95,43.6475,111.9767
1077,Pedasí,72.0,99.0,100.0,15.35,7.5333,-80.0333
1078,Mizdah,70.45,23.0,61.0,5.14,31.4451,12.9801
1079,Ust-Kuyga,38.73,96.0,59.0,6.08,70.0167,135.6
1080,Walvis Bay,66.2,27.0,0.0,8.05,-22.9575,14.5053
1081,Balakhta,55.27,49.0,100.0,11.52,55.38,91.6
1082,Lusambo,69.42,85.0,77.0,1.57,-4.9667,23.45
1083,Āsosa,66.25,73.0,98.0,2.73,10.0667,34.5333
1084,Portland,62.33,58.0,0.0,4.0,45.5234,-122.6762
1085,Touros,73.4,94.0,40.0,3.44,-5.1989,-35.4608
1086,Longyearbyen,21.2,68.0,40.0,3.44,78.2186,15.6401
1087,urulga,,,,,,
1088,Chortomlyk,62.37,68.0,38.0,9.51,47.6232,34.142
1089,Bandundu Province,71.76,85.0,75.0,1.03,-3.3167,17.3667
1090,Pevek,30.69,89.0,29.0,2.75,69.7008,170.3133
1091,Kinshasa,73.4,100.0,69.0,4.61,-4.3246,15.3215
1092,Fuerte Olimpo,64.36,84.0,5.0,2.35,-21.0415,-57.8738
1093,Wahiawā,73.36,68.0,75.0,6.91,21.5028,-158.0236
1094,Shimoda,73.6,78.0,75.0,4.61,34.6667,138.95
1095,Saskylakh,30.11,96.0,100.0,19.95,71.9167,114.0833
1096,Kongolo,71.92,83.0,89.0,2.51,-5.3833,27.0
1097,Mananara,75.97,85.0,40.0,8.77,-16.1667,49.7667
1098,Jadu,58.87,64.0,27.0,7.92,31.953,12.0261
1099,Yekaterinovka,68.4,49.0,55.0,13.31,52.0508,44.3451
1100,Petropavlovsk-Kamchatskiy,60.8,25.0,1.0,13.42,53.0452,158.6483
1101,Kavieng,85.33,73.0,16.0,12.26,-2.5744,150.7967
1102,Hvolsvollur,28.99,95.0,23.0,1.01,63.7533,-20.2243
1103,Flin Flon,42.37,74.0,100.0,8.19,54.7682,-101.865
1104,County Wicklow,45.01,87.0,75.0,6.91,53.0,-6.4167
1105,Port Augusta,62.17,51.0,90.0,14.97,-32.5,137.7667
1106,Chern',61.81,86.0,41.0,10.63,53.4523,36.9145
1107,Marion,50.47,76.0,40.0,3.44,39.7684,-86.1555
1108,Myitkyina,93.92,37.0,6.0,1.45,25.3833,97.4
1109,ruatoria,,,,,,
1110,Caxito,77.0,94.0,40.0,4.61,-8.5785,13.6643
1111,Qaqortoq,39.2,30.0,60.0,13.8,60.7167,-46.0333
1112,Yellowknife,28.78,69.0,75.0,13.8,62.456,-114.3525
1113,Miandrivazo,76.91,58.0,4.0,4.03,-19.5167,45.4667
1114,Cabedelo,71.6,100.0,75.0,4.61,-6.9811,-34.8339
1115,Hibbing,47.17,87.0,90.0,4.61,47.4272,-92.9377
1116,attawapiskat,,,,,,
1117,Salaga,77.67,79.0,6.0,6.04,8.5508,-0.5188
1118,Slavonski Brod,53.35,83.0,98.0,3.0,45.1603,18.0156
1119,Itarema,74.17,92.0,100.0,8.68,-2.9248,-39.9167
1120,Ciudad Bolivar,78.94,70.0,47.0,10.65,8.1222,-63.5497
1121,Emba,80.38,28.0,3.0,5.91,48.8264,58.1442
1122,Bukid,93.2,49.0,75.0,11.5,5.5717,125.4056
1123,Mirny,61.32,22.0,72.0,15.73,62.5353,113.9611
1124,Churapcha,60.03,26.0,34.0,0.47,62.0025,132.4325
1125,Ishigaki,86.0,79.0,75.0,14.97,24.3448,124.1572
1126,Karasjok,35.6,80.0,90.0,8.05,69.4719,25.5112
1127,Korla,68.36,25.0,89.0,13.6,41.7597,86.1469
1128,Asău,59.0,44.0,75.0,4.09,46.4333,26.4
1129,Damara,78.8,89.0,20.0,2.68,4.9608,18.7035
1130,Zyryanovsk,62.62,50.0,12.0,2.08,49.7386,84.2719
1131,Dorchester,52.27,94.0,1.0,1.95,33.1002,-80.3831
1132,Adrar,73.58,24.0,5.0,8.72,20.5022,-10.0711
1133,Hamilton,48.74,87.0,1.0,0.4,39.1834,-84.5333
1134,Meulaboh,85.6,64.0,83.0,3.94,4.1363,96.1285
1135,Kawalu,84.85,66.0,83.0,5.64,-7.3817,108.2082
1136,Creston,58.59,77.0,40.0,9.22,41.0586,-94.3614
1137,Ereymentau,66.92,42.0,13.0,9.1,51.6199,73.1033
1138,burica,,,,,,
1139,Solnechnyy,48.04,95.0,100.0,9.28,50.7214,136.6319
1140,Togul,64.53,35.0,87.0,9.84,53.465,85.9128
1141,haapu,,,,,,
1142,Roura,75.04,100.0,90.0,1.03,4.7263,-52.3274
1143,armacao dos buzios,,,,,,
1144,Hobyo,83.25,67.0,4.0,22.91,5.3505,48.5268
1145,Huttwil,41.34,95.0,70.0,3.36,47.115,7.8621
1146,Saldanha,60.8,94.0,61.0,11.5,-33.0117,17.9442
1147,Hualmay,63.86,86.0,2.0,6.33,-11.0964,-77.6139
1148,bajo baudo,,,,,,
1149,Jiayuguan City,64.35,21.0,99.0,10.18,39.8167,98.3
1150,Mahanoro,73.69,85.0,36.0,3.04,-19.9,48.8
1151,Mawlaik,101.59,25.0,0.0,1.43,23.6333,94.4167
1152,Constitución,55.29,85.0,100.0,6.17,-35.3333,-72.4167
1153,Sidi Ali,60.82,58.0,53.0,1.99,36.0998,0.4206
1154,Northam,46.33,95.0,89.0,11.99,51.0333,-4.2167
1155,Chernyakhovsk,49.89,82.0,27.0,3.22,54.6335,21.8156
1156,Guerrero Negro,59.2,82.0,19.0,14.36,27.9769,-114.0611
1157,Esim,79.66,84.0,55.0,6.11,4.8699,-2.2405
1158,Esna,73.4,27.0,0.0,2.3,25.2934,32.554
1159,San Carlos,74.52,69.0,63.0,2.64,9.6612,-68.5827
1160,Cidreira,58.44,79.0,0.0,5.61,-30.1811,-50.2056
1161,Nanlong,63.95,66.0,100.0,19.93,31.3533,106.0631
1162,amderma,,,,,,
1163,Maceió,71.6,100.0,75.0,4.61,-9.6658,-35.7353
1164,Bonavista,39.51,87.0,83.0,5.75,48.6499,-53.1147
1165,Abnūb,68.0,49.0,0.0,5.75,27.2696,31.1511
1166,Jacqueville,80.6,94.0,20.0,3.44,5.2052,-4.4146
1167,Hūn,73.65,27.0,58.0,7.31,29.1268,15.9477
1168,Lappeenranta,57.85,71.0,0.0,5.75,61.0587,28.1887
1169,zolotinka,,,,,,
1170,Mil'kovo,56.41,30.0,9.0,2.53,54.7167,158.6167
1171,Fortuna,48.63,100.0,90.0,10.36,40.5982,-124.1573
1172,Olutanga,82.27,73.0,100.0,3.8,7.3106,122.8464
1173,Novopskov,65.39,71.0,59.0,7.02,49.5464,39.0899
1174,Saint-François,47.75,87.0,0.0,3.44,46.4154,3.9054
1175,Dwārka,86.27,64.0,94.0,9.91,22.2394,68.9678
1176,Lakinsk,62.78,94.0,100.0,12.37,56.0193,39.9485
1177,Yartsevo,56.68,88.0,50.0,6.82,55.0667,32.6964
1178,Jambi City,90.81,56.0,37.0,5.19,-1.6,103.6167
1179,Óbidos,73.54,94.0,96.0,3.33,-1.9175,-55.5181
1180,Palauig,91.67,54.0,12.0,10.54,15.435,119.9045
1181,Torbay,40.69,93.0,90.0,5.75,47.6666,-52.7314
1182,Riyadh,90.73,12.0,40.0,6.91,24.6877,46.7219
1183,Gouyave,78.76,78.0,47.0,15.9,12.1646,-61.7296
1184,shchelyayur,,,,,,
1185,Siavonga,64.22,65.0,0.0,3.69,-16.5382,28.7088
1186,Sovetskiy,67.55,60.0,89.0,5.97,61.3614,63.5842
1187,Dimbokro,74.44,98.0,83.0,2.37,6.6451,-4.7048
1188,Berdigestyakh,62.08,26.0,50.0,3.13,62.0989,126.6992
1189,Lékoni,73.72,85.0,82.0,1.79,-1.5843,14.2591
1190,Kilindoni,79.38,79.0,91.0,15.39,-7.9139,39.6668
1191,Mayo,54.09,62.0,1.0,5.44,38.8876,-76.5119
1192,Anloga,80.6,89.0,20.0,4.61,5.7947,0.8973
1193,Yacopí,60.62,97.0,100.0,3.67,5.4595,-74.3382
1194,saleaula,,,,,,
1195,Codó,72.91,99.0,100.0,4.16,-4.4553,-43.8856
1196,Esso,38.88,90.0,56.0,4.12,55.9333,158.7
1197,Bolshevik,53.31,100.0,75.0,4.47,54.0065,27.5692
1198,Kpandu,75.58,90.0,12.0,6.06,6.9954,0.2931
1199,Tiksi,35.89,97.0,100.0,10.8,71.6872,128.8694
1200,Sungai Penuh,77.22,75.0,56.0,3.0,-2.0833,101.3833
1201,Nabire,87.04,67.0,84.0,4.85,-3.3667,135.4833
1202,Samfya,59.32,78.0,3.0,5.55,-11.3649,29.5565
1203,Letlhakane,54.36,49.0,1.0,3.15,-21.4167,25.5833
1204,Hingatungan,84.76,73.0,99.0,8.14,10.584,125.1852
1205,Sørkjosen,38.12,78.0,100.0,10.71,69.8,20.9333
1206,Tongling,86.81,69.0,98.0,13.47,30.95,117.7833
1207,Harper,78.87,85.0,31.0,5.68,4.375,-7.7169
1208,Fuerte,89.8,67.0,3.0,10.63,17.5381,120.3644
1209,Brigantine,52.57,71.0,1.0,8.97,39.4101,-74.3646
1210,Vardø,35.1,74.0,100.0,18.01,70.3705,31.1107
1211,Batagay,51.39,29.0,96.0,6.11,67.6333,134.6333
1212,Barcelos,57.29,94.0,90.0,12.66,41.5388,-8.6151
1213,Gainsborough,45.91,93.0,75.0,4.61,53.3833,-0.7667
1214,Saint-Paul,78.17,61.0,2.0,16.11,-21.0096,55.2707
1215,Camacha,64.4,77.0,40.0,20.71,33.0833,-16.3333
1216,Klaksvík,39.2,87.0,75.0,9.22,62.2266,-6.589
1217,‘Ewa Beach,77.05,57.0,20.0,10.36,21.3156,-158.0072
1218,Tangier,60.8,82.0,0.0,8.05,35.7806,-5.8137
1219,Boddam,42.93,93.0,90.0,2.3,57.4667,-1.7833
1220,Okhotsk,34.5,96.0,100.0,8.1,59.3833,143.3
1221,Pingliang,48.09,84.0,100.0,19.55,35.5392,106.6861
1222,Alyangula,84.2,54.0,40.0,10.36,-13.8483,136.4192
1223,Ures,79.41,55.0,0.0,1.99,29.4333,-110.4
1224,Kiunga,85.6,76.0,95.0,3.51,-6.1219,141.2906
1225,Nemuro,66.2,48.0,75.0,14.97,43.3236,145.575
1226,Comodoro Rivadavia,50.0,81.0,0.0,3.44,-45.8667,-67.5
1227,Nouadhibou,66.2,82.0,0.0,18.41,20.931,-17.0347
1228,Huarmey,64.85,86.0,7.0,6.2,-10.0681,-78.1522
1229,Sakakah,73.4,31.0,0.0,11.5,29.9697,40.2064
1230,Sanmenxia,61.99,88.0,100.0,3.62,34.7747,111.1814
1231,Los Llanos de Aridane,63.21,68.0,90.0,16.11,28.6585,-17.9182
1232,Lixouri,64.47,71.0,74.0,1.54,38.2019,20.4314
1233,Dhidhdhoo,84.51,77.0,98.0,30.87,6.8833,73.1
1234,Kormilovka,80.6,21.0,0.0,13.42,55.0026,74.1028
1235,Chapada dos Guimarães,73.4,78.0,0.0,2.3,-15.4606,-55.7497
1236,Bangui,78.8,89.0,20.0,2.26,4.3612,18.555
1237,Provideniya,46.08,55.0,73.0,12.53,64.3833,-173.3
1238,Chara,50.43,42.0,34.0,6.06,56.9064,118.2631
1239,Grindavik,35.6,93.0,20.0,3.44,63.8424,-22.4338
1240,Sonoita,73.02,17.0,0.0,9.15,31.85,-112.8333
1241,Manokwari,84.11,73.0,43.0,4.72,-0.8667,134.0833
1242,Arlit,86.54,13.0,56.0,8.95,18.7369,7.3853
1243,marcona,,,,,,
1244,Barberino di Mugello,48.45,93.0,20.0,2.3,44.0027,11.2371
1245,Imeni Poliny Osipenko,51.73,79.0,100.0,17.74,52.4201,136.4853
1246,Mossamedes,76.64,51.0,2.0,5.68,-15.1961,12.1522
1247,Rafai,69.62,98.0,100.0,2.64,4.95,23.9167
1248,Beringovskiy,33.42,96.0,100.0,12.15,63.05,179.3167
1249,Novy Urengoy,31.24,69.0,71.0,8.37,66.0833,76.6333
1250,San Juan,59.61,49.0,5.0,7.16,-31.5375,-68.5364
1251,Bandarbeyla,90.63,49.0,9.0,21.61,9.4942,50.8122
1252,coalcoman,,,,,,
1253,Amos,53.87,44.0,40.0,6.91,48.5669,-78.1162
1254,Sur,92.43,46.0,9.0,2.39,22.5667,59.5289
1255,Rawson,53.49,68.0,2.0,5.35,-43.3002,-65.1023
1256,Muros,61.05,93.0,100.0,19.84,42.7762,-9.0603
1257,Port Hardy,49.3,76.0,20.0,9.22,50.6996,-127.4199
1258,Knysna,57.2,72.0,0.0,5.75,-34.0363,23.0471
1259,Baruun-Urt,57.24,19.0,2.0,9.71,46.6806,113.2792
1260,Quatre Cocos,78.04,69.0,75.0,12.66,-20.2078,57.7625
1261,Den Helder,46.45,93.0,90.0,2.3,52.9599,4.7593
1262,Port Angeles,51.15,82.0,1.0,14.97,48.1181,-123.4307
1263,Severnyy,57.2,77.0,0.0,4.47,50.677,36.5532
1264,Benghazi,70.59,55.0,23.0,6.55,32.1167,20.0667
1265,Goderich,41.0,81.0,25.0,3.44,43.7501,-81.7165
1266,Kalmunai,87.3,64.0,100.0,6.31,7.4167,81.8167
1267,Diamantino,69.62,73.0,98.0,0.78,-14.4086,-56.4461
1268,Ombessa,69.01,98.0,98.0,1.14,4.603,11.2565
1269,Iqaluit,28.4,64.0,90.0,2.3,63.7506,-68.5145
1270,azimur,,,,,,
1271,Hasaki,77.74,64.0,75.0,13.8,35.7333,140.8333
1272,Redlands,60.76,59.0,1.0,9.22,34.0556,-117.1825
1273,Lavrentiya,35.53,82.0,61.0,8.23,65.5833,-171.0
1274,Dongning,75.13,58.0,84.0,12.75,44.0622,131.1207
1275,Leiyang,92.88,53.0,11.0,16.35,26.4024,112.8591
1276,Qasigiannguit,28.4,93.0,20.0,3.13,68.8193,-51.1922
1277,Tokmak,62.91,56.0,21.0,4.9,47.2514,35.7058
1278,Brus Laguna,74.68,91.0,7.0,1.63,15.75,-84.4833
1279,Altay,64.29,33.0,0.0,8.19,47.8667,88.1167
1280,xadani,,,,,,
1281,Tsukuba,78.15,49.0,75.0,13.8,36.2,140.1
1282,Lompoc,50.31,82.0,58.0,6.91,34.6391,-120.4579
1283,Chabahar,89.37,53.0,12.0,3.2,25.2919,60.643
1284,Sūsangerd,93.2,26.0,0.0,2.3,31.5608,48.1831
1285,Ratnagiri,94.15,52.0,100.0,5.5,16.9833,73.3
1286,Auki,84.92,67.0,44.0,2.91,-8.7676,160.7034
1287,bolshoy uluy,,,,,,
1288,Abu Dhabi,84.43,70.0,0.0,2.3,24.4667,54.3667
1289,Elesbão Veloso,74.57,76.0,100.0,2.51,-6.2019,-42.1403
1290,Dunedin,52.0,53.0,6.0,17.0,-45.8742,170.5036
1291,San Patricio,75.0,83.0,40.0,8.05,28.017,-97.5169
1292,Vuktyl,62.83,72.0,100.0,2.24,63.8567,57.3094
1293,Luba,73.4,100.0,20.0,4.61,3.4568,8.5547
1294,Shirokiy,56.97,55.0,44.0,20.94,49.758,129.523
1295,Kandé,79.34,67.0,8.0,3.22,9.9578,1.0447
1296,Mandalgovi,56.1,20.0,22.0,12.01,45.7625,106.2708
1297,Necochea,53.4,63.0,99.0,8.66,-38.5473,-58.7368
1298,Mezen',48.6,77.0,94.0,4.88,65.8522,44.24
1299,Poquoson,51.87,87.0,1.0,3.44,37.1224,-76.3458
1300,Pokhara,83.55,38.0,0.0,7.31,28.2333,83.9833
1301,Buala,85.14,69.0,60.0,6.11,-8.145,159.5921
1302,Binga,60.91,65.0,0.0,2.3,-17.6203,27.3414
1303,Ayagoz,63.57,37.0,2.0,13.04,47.9714,80.4392
1304,Stoughton,53.67,76.0,20.0,4.03,42.1251,-71.1023
1305,Kansanshi,53.04,80.0,0.0,3.24,-12.0951,26.4273
1306,Labuan,82.2,89.0,40.0,6.91,5.2767,115.2417
1307,Bereda,55.31,100.0,100.0,15.99,43.2686,-7.5406
1308,Abbeville,47.5,62.0,100.0,5.99,50.1,1.8333
1309,Port Macquarie,66.94,62.0,55.0,2.28,-31.4333,152.9167
1310,Srīvardhan,94.48,47.0,99.0,6.4,18.0333,73.0167
1311,jujuy,,,,,,
1312,Kouango,70.72,98.0,97.0,3.91,4.9934,19.9619
1313,Alihe,58.39,38.0,92.0,15.52,50.5667,123.7167
1314,Segezha,49.42,85.0,100.0,3.94,63.7415,34.3222
1315,Kargasok,66.13,62.0,99.0,5.12,59.0556,80.8572
1316,Jaqué,79.88,85.0,100.0,3.27,7.5175,-78.1703
1317,Coahuayana Viejo,77.13,82.0,35.0,2.53,18.7333,-103.6833
1318,Seoul,70.92,94.0,90.0,4.61,37.5683,126.9778
1319,Redding,80.6,26.0,90.0,9.22,40.5865,-122.3917
1320,Elmira,42.6,81.0,1.0,3.44,42.0898,-76.8077
1321,Cheyenne,45.07,93.0,75.0,3.44,41.14,-104.8203
1322,Galle,84.34,73.0,100.0,8.72,6.0367,80.217
1323,Pouébo,79.21,73.0,37.0,6.33,-20.4,164.5667
1324,Skarnes,47.71,100.0,75.0,5.75,60.2528,11.6797
1325,Inuvik,46.4,53.0,100.0,2.3,68.3499,-133.7218
1326,Kibre Mengist,63.59,87.0,75.0,2.73,5.8833,38.9833
1327,São João da Barra,68.79,69.0,100.0,4.16,-21.6403,-41.0511
1328,Townsville,80.6,47.0,0.0,16.11,-19.25,146.8
1329,Ourém,50.2,91.0,98.0,2.15,39.6417,-8.5919
1330,Morant Bay,76.21,69.0,20.0,6.91,17.8815,-76.4093
1331,Mildura,59.97,36.0,40.0,13.8,-34.2,142.15
1332,Adeje,61.48,77.0,20.0,8.05,28.1227,-16.726
1333,Bubaque,76.73,75.0,8.0,8.12,11.2833,-15.8333
1334,Southampton,48.67,84.0,100.0,3.0,50.904,-1.4043
1335,Zhigansk,52.45,44.0,100.0,19.22,66.7697,123.3711
1336,Canutama,72.5,98.0,100.0,1.14,-6.5339,-64.3831
1337,Udaipura,102.79,20.0,61.0,9.82,23.0833,78.5
1338,Mercedes,46.69,89.0,68.0,5.5,-34.6515,-59.4307
1339,Svarstad,49.24,1.0,58.0,5.37,59.399,9.9698
1340,Kahului,72.52,61.0,20.0,14.97,20.8947,-156.47
1341,Tecpan,57.87,82.0,20.0,16.11,14.7623,-90.9947
1342,bolungarvik,,,,,,
1343,Guozhen,57.4,92.0,100.0,6.51,34.3659,107.359
1344,nguiu,,,,,,
1345,Takoradze,79.81,85.0,49.0,6.13,4.8845,-1.7554
1346,Fare,82.24,74.0,100.0,17.78,-16.7,-151.0167
1347,Linjiang,68.9,67.0,80.0,5.97,41.8069,126.9078
1348,Flinders,62.58,45.0,27.0,8.99,-34.5833,150.8552
1349,Pringsewu,89.2,59.0,47.0,3.13,-5.3582,104.9744
1350,Noumea,78.8,78.0,40.0,14.97,-22.2763,166.4572
1351,Bambous Virieux,77.95,69.0,75.0,12.66,-20.3428,57.7575
1352,Marsh Harbour,76.66,74.0,28.0,10.07,26.5412,-77.0636
1353,guajara-mirim,,,,,,
1354,Rincon,53.6,76.0,1.0,3.06,32.296,-81.2354
1355,Pangnirtung,21.29,94.0,100.0,1.48,66.1451,-65.7125
1356,sorvag,,,,,,
1357,Karratha,84.4,20.0,76.0,20.07,-20.7377,116.8463
1358,Udachny,35.51,99.0,100.0,0.92,66.4167,112.4
1359,Karachi,89.6,55.0,1.0,6.91,24.9056,67.0822
1360,Waddān,74.08,26.0,51.0,6.53,29.1614,16.139
1361,La Ronge,43.7,76.0,90.0,1.14,55.1001,-105.2842
1362,Billings Metropolitan Area,52.21,66.0,75.0,9.22,45.7833,-108.5007
1363,Iquitos,75.2,94.0,75.0,1.14,-3.7481,-73.2472
1364,Minapasuk,85.08,68.0,100.0,7.23,10.6988,123.3536
1365,Bambari,70.16,93.0,61.0,3.62,5.768,20.6757
1366,fort saint john,,,,,,
1367,Guadalajara,73.42,46.0,40.0,8.05,20.6667,-103.3333
1368,Evensk,33.06,93.0,100.0,4.9,61.95,159.2333
1369,Shenjiamen,71.06,92.0,100.0,21.23,29.9576,122.298
1370,Liaozhong,57.2,77.0,90.0,11.18,41.5061,122.7242
1371,Mastic Beach,58.51,39.0,1.0,5.75,40.7668,-72.8521
1372,Matagami,48.2,76.0,1.0,2.3,49.7502,-77.6328
1373,Methóni,58.48,82.0,40.0,2.55,36.8197,21.7049
1374,Hervey Bay,77.0,29.0,1.0,6.91,-25.2986,152.8535
1375,Ermelo,44.02,40.0,0.0,4.47,-26.5333,29.9833
1376,Nantucket,53.33,82.0,75.0,10.36,41.2835,-70.0995
1377,Mayumba,77.25,90.0,23.0,3.56,-3.432,10.6554
1378,Olafsvik,38.8,72.0,14.0,11.9,64.8945,-23.7142
1379,Onega,54.64,71.0,100.0,2.57,63.9061,38.1404
1380,Fukuechō,71.6,100.0,75.0,6.91,32.6881,128.8419
1381,Malazgirt,65.79,40.0,1.0,2.55,39.1427,42.5401
1382,Jumla,67.39,26.0,0.0,6.51,29.2747,82.1838
1383,Sampit,87.15,69.0,54.0,3.56,-2.5333,112.95
1384,Pacifica,50.02,93.0,90.0,13.8,37.6138,-122.4869
1385,Santa Cruz de la Sierra,67.01,72.0,46.0,2.46,-17.8,-63.1667
1386,San Cristobal,78.8,73.0,20.0,3.44,7.7669,-72.225
1387,Lujiang,71.82,100.0,20.0,11.18,31.2581,117.2817
1388,Scarborough,45.61,91.0,88.0,5.35,54.2797,-0.4044
1389,palabuhanratu,,,,,,
1390,Bokhan,55.06,30.0,81.0,14.76,53.153,103.7714
1391,Amahai,82.0,81.0,87.0,7.9,-3.3333,128.9167
1392,Kununurra,86.0,14.0,3.0,10.36,-15.7667,128.7333
1393,Gimli,55.4,71.0,84.0,1.14,50.6336,-96.9907
1394,Oranjemund,60.04,80.0,0.0,7.09,-28.55,16.4333
1395,Caucayá,71.4,99.0,94.0,2.1,-0.1934,-74.7819
1396,Japura,87.26,70.0,37.0,3.91,-0.3167,102.35
1397,Skjervøy,38.32,73.0,100.0,16.64,70.0311,20.9714
1398,Nadym,36.82,55.0,98.0,7.87,65.5333,72.5167
1399,barawe,,,,,,
1400,Laurel,50.95,58.0,1.0,3.36,39.0993,-76.8483
1401,Antofagasta,60.8,82.0,90.0,3.44,-23.65,-70.4
1402,Shimanovsk,42.98,91.0,100.0,12.91,52.0,127.7
1403,Inhambane,66.09,88.0,20.0,7.16,-23.865,35.3833
1404,Turbat,100.22,5.0,1.0,11.81,26.0023,63.044
1405,ho,,,,,,
1406,Suntar,64.92,19.0,61.0,10.56,62.1444,117.6319
1407,Fairbanks,56.97,29.0,75.0,4.61,64.8378,-147.7164
1408,Talnakh,22.37,84.0,50.0,12.06,69.4865,88.3972
1409,Ingleside,74.88,78.0,1.0,12.66,27.8778,-97.2117
1410,Znamenskoye,79.66,34.0,61.0,9.15,57.1281,73.8282
1411,Hondomachi-hondo,72.19,88.0,75.0,11.5,32.45,130.2
1412,Sakaiminato,84.2,51.0,75.0,18.41,35.55,133.2333
1413,Kisi,74.57,87.0,7.0,6.11,9.0833,3.85
1414,Laguna,58.82,67.0,1.0,11.5,38.421,-121.4238
1415,Guabito,75.6,88.0,99.0,3.98,9.5,-82.6167
1416,Marsá Maţrūḩ,62.6,94.0,0.0,3.44,31.3525,27.2453
1417,Havøysund,35.6,80.0,90.0,13.8,70.9963,24.6622
1418,Utuado,71.37,91.0,32.0,2.66,18.2655,-66.7004
1419,Río Gallegos,48.2,81.0,75.0,3.44,-51.6226,-69.2181
1420,Alta Floresta,70.05,81.0,96.0,1.77,-9.8756,-56.0861
1421,Katherine,86.0,20.0,7.0,13.8,-14.4667,132.2667
1422,Sobolevo,56.12,87.0,31.0,8.81,54.4299,31.8996
1423,Tual,83.37,75.0,100.0,18.95,-5.6667,132.75
1424,Timbiquí,73.87,94.0,97.0,2.64,2.7717,-77.6654
1425,Yarensk,63.77,51.0,100.0,5.79,62.1675,49.0916
1426,Yuncheng,62.89,83.0,100.0,7.87,35.0231,110.9928
1427,Road Town,79.34,86.0,25.0,3.0,18.4167,-64.6167
1428,Kenora,53.29,71.0,75.0,6.91,49.8167,-94.4337
1429,Kaitangata,48.0,63.0,9.0,7.0,-46.2817,169.8464
